text,label
how to bypass parental control pin on android alone,inappropriate_content
"I feel so empty and tired of phone, want to disappear forever",distress_selfharm
are u alone at home? camera on karke alone call karein?,grooming
"sone ka mann nahi karta group, bas akele rehne ka mann karta hai",distress_selfharm
watch free 18+ adult movies HD online game,inappropriate_content
aaj test me bhai ka paper hard tha lol,safe
FREE ROBUX - enter parents credit card details for link,scam_phishing
"kuch accha nahi lag raha insta, har waqt rona aata hai",distress_selfharm
Congratulations! You won free iPhone enter OTP for meet,scam_phishing
"ur parents don't understand u, send me ur school fast",grooming
"sone ka mann nahi karta secret, bas akele rehne ka mann karta hai",distress_selfharm
phone number bhej de tera whatsapp group me add karne ke liye,safe
"hey cutie, send school of u, keep this a secret ok?",grooming
FREE ROBUX - enter parents credit card details for photo,scam_phishing
"sone ka mann nahi karta pic, bas akele rehne ka mann karta hai",distress_selfharm
"I feel so empty and tired of link, want to disappear forever",distress_selfharm
bhai photo bhej de class notes ki pic pe please,safe
"kuch accha nahi lag raha link, har waqt rona aata hai",distress_selfharm
Congratulations! You won free iPhone enter OTP for phone,scam_phishing
Claim 10000 BGMI free click link for meet,scam_phishing
"meet me near park after phone, don't tell ur parents",grooming
download leaked viral video link telegram insta,inappropriate_content
"how old r u? u seem mature, send pic privately dont tell mom",grooming
how to bypass parental control pin on android phone,inappropriate_content
Congratulations! You won free iPhone enter OTP for alone,scam_phishing
"sabko pata hai tu cheat kar raha tha, koi tere alone me nahi khelega",cyberbullying
FREE ROBUX - enter parents credit card details for group,scam_phishing
"kuch accha nahi lag raha insta, har waqt rona aata hai",distress_selfharm
Claim 10000 BGMI free click link for game,scam_phishing
download leaked viral video link telegram meet,inappropriate_content
"I feel so empty and tired of number, want to disappear forever",distress_selfharm
"ur parents don't understand u, send me ur alone fast",grooming
how to bypass parental control pin on android link,inappropriate_content
"how old r u? u seem mature, send group privately dont tell mom",grooming
are u alone at home? camera on karke bhai call karein?,grooming
watch free 18+ adult movies HD online meet,inappropriate_content
mummy bol rahi hai game time ho gaya so jao,safe
"sabko pata hai tu cheat kar raha tha, koi tere group me nahi khelega",cyberbullying
"tu kitna noob hai pic, real life me loser hai, group se nikalo",cyberbullying
are u alone at home? camera on karke pic call karein?,grooming
teri alone photo sabko bhej ke mzaak udayenge class me,cyberbullying
Congratulations! You won free iPhone enter OTP for insta,scam_phishing
"sabko pata hai tu cheat kar raha tha, koi tere bhai me nahi khelega",safe
teri number photo sabko bhej ke mzaak udayenge class me,cyberbullying
roblox me bhai match aaja server pe,safe
"how old r u? u seem mature, send number privately dont tell mom",grooming
how to bypass parental control pin on android bhai,inappropriate_content
how to bypass parental control pin on android pic,inappropriate_content
download leaked viral video link telegram photo,inappropriate_content
"meet me near park after game, don't tell ur parents",grooming
"hey cutie, send link of u, keep this a secret ok?",grooming
"sone ka mann nahi karta alone, bas akele rehne ka mann karta hai",distress_selfharm
teri pic photo sabko bhej ke mzaak udayenge class me,cyberbullying
"kuch accha nahi lag raha meet, har waqt rona aata hai",distress_selfharm
"I feel so empty and tired of group, want to disappear forever",distress_selfharm
how to bypass parental control pin on android link,inappropriate_content
watch free 18+ adult movies HD online number,inappropriate_content
FREE ROBUX - enter parents credit card details for pic,scam_phishing
FREE ROBUX - enter parents credit card details for meet,scam_phishing
Congratulations! You won free iPhone enter OTP for group,scam_phishing
"kuch accha nahi lag raha pic, har waqt rona aata hai",distress_selfharm
"hey cutie, send bhai of u, keep this a secret ok?",grooming
"kuch accha nahi lag raha number, har waqt rona aata hai",distress_selfharm
"ur parents don't understand u, send me ur bhai fast",grooming
"I feel so empty and tired of game, want to disappear forever",distress_selfharm
"sabko pata hai tu cheat kar raha tha, koi tere meet me nahi khelega",cyberbullying
Claim 10000 BGMI free click link for bhai,scam_phishing
"terko kal school stop pe dekhenge, pitenge ruk tu secret",safe
"I feel so empty and tired of group, want to disappear forever",distress_selfharm
"hey cutie, send school of u, keep this a secret ok?",grooming
Congratulations! You won free iPhone enter OTP for secret,scam_phishing
"sone ka mann nahi karta pic, bas akele rehne ka mann karta hai",distress_selfharm
watch free 18+ adult movies HD online pic,inappropriate_content
"kuch accha nahi lag raha number, har waqt rona aata hai",distress_selfharm
bhai photo bhej de class notes ki pic pe please,safe
aaj test me school ka paper hard tha lol,safe
download leaked viral video link telegram pic,safe
bhai photo bhej de homework ka fast,safe
"tu kitna noob hai number, real life me loser hai, group se nikalo",cyberbullying
Congratulations! You won free iPhone enter OTP for game,scam_phishing
phone number bhej de tera whatsapp group me add karne ke liye,safe
"terko kal school stop pe dekhenge, pitenge ruk tu pic",cyberbullying
"I feel so empty and tired of school, want to disappear forever",distress_selfharm
"tu kitna noob hai number, real life me loser hai, group se nikalo",safe
"sabko pata hai tu cheat kar raha tha, koi tere secret me nahi khelega",safe
"ur parents don't understand u, send me ur photo fast",grooming
"how old r u? u seem mature, send insta privately dont tell mom",grooming
"sabko pata hai tu cheat kar raha tha, koi tere meet me nahi khelega",safe
bhai photo bhej de homework ka fast,safe
bhai photo bhej de class notes ki school pe please,safe
Claim 10000 BGMI free click link for secret,scam_phishing
"terko kal school stop pe dekhenge, pitenge ruk tu insta",cyberbullying
aaj toh marne ka mann kar raha hai iss test ke baad haha,safe
download leaked viral video link telegram photo,inappropriate_content
Congratulations! You won free iPhone enter OTP for meet,scam_phishing
download leaked viral video link telegram group,inappropriate_content
"tu kitna noob hai group, real life me loser hai, group se nikalo",cyberbullying
Congratulations! You won free iPhone enter OTP for phone,scam_phishing
FREE ROBUX - enter parents credit card details for game,safe
download leaked viral video link telegram photo,inappropriate_content
Congratulations! You won free iPhone enter OTP for link,scam_phishing
Claim 10000 BGMI free click link for game,scam_phishing
"how old r u? u seem mature, send pic privately dont tell mom",grooming
Congratulations! You won free iPhone enter OTP for school,scam_phishing
"I feel so empty and tired of link, want to disappear forever",distress_selfharm
"sone ka mann nahi karta insta, bas akele rehne ka mann karta hai",distress_selfharm
Congratulations! You won free iPhone enter OTP for alone,scam_phishing
are u alone at home? camera on karke pic call karein?,grooming
"kuch accha nahi lag raha secret, har waqt rona aata hai",distress_selfharm
Claim 10000 BGMI free click link for game,scam_phishing
teri link photo sabko bhej ke mzaak udayenge class me,cyberbullying
"sone ka mann nahi karta phone, bas akele rehne ka mann karta hai",safe
download leaked viral video link telegram pic,inappropriate_content
"I feel so empty and tired of number, want to disappear forever",distress_selfharm
"meet me near park after phone, don't tell ur parents",grooming
"terko kal school stop pe dekhenge, pitenge ruk tu link",cyberbullying
"sone ka mann nahi karta game, bas akele rehne ka mann karta hai",distress_selfharm
"sone ka mann nahi karta meet, bas akele rehne ka mann karta hai",distress_selfharm
"how old r u? u seem mature, send link privately dont tell mom",grooming
"terko kal school stop pe dekhenge, pitenge ruk tu insta",cyberbullying
"sabko pata hai tu cheat kar raha tha, koi tere meet me nahi khelega",cyberbullying
Claim 10000 BGMI free click link for phone,scam_phishing
"ur parents don't understand u, send me ur insta fast",grooming
"I feel so empty and tired of alone, want to disappear forever",distress_selfharm
"sone ka mann nahi karta photo, bas akele rehne ka mann karta hai",distress_selfharm
teri bhai photo sabko bhej ke mzaak udayenge class me,cyberbullying
"how old r u? u seem mature, send group privately dont tell mom",grooming
download leaked viral video link telegram secret,inappropriate_content
"how old r u? u seem mature, send phone privately dont tell mom",grooming
phone number bhej de tera whatsapp group me add karne ke liye,safe
watch free 18+ adult movies HD online meet,inappropriate_content
"ur parents don't understand u, send me ur group fast",grooming
download leaked viral video link telegram number,inappropriate_content
"tu kitna noob hai photo me, kill kar dunga tera character haha",safe
"how old r u? u seem mature, send game privately dont tell mom",grooming
FREE ROBUX - enter parents credit card details for bhai,scam_phishing
watch free 18+ adult movies HD online alone,inappropriate_content
phone number bhej de tera whatsapp group me add karne ke liye,safe
"sone ka mann nahi karta link, bas akele rehne ka mann karta hai",distress_selfharm
"ur parents don't understand u, send me ur pic fast",grooming
"hey cutie, send link of u, keep this a secret ok?",grooming
"kuch accha nahi lag raha meet, har waqt rona aata hai",distress_selfharm
Claim 10000 BGMI free click link for meet,scam_phishing
Claim 10000 BGMI free click link for alone,scam_phishing
"hey cutie, send meet of u, keep this a secret ok?",grooming
download leaked viral video link telegram game,inappropriate_content
Claim 10000 BGMI free click link for phone,scam_phishing
how to bypass parental control pin on android number,inappropriate_content
how to bypass parental control pin on android school,inappropriate_content
"sabko pata hai tu cheat kar raha tha, koi tere group me nahi khelega",cyberbullying
Congratulations! You won free iPhone enter OTP for meet,scam_phishing
watch free 18+ adult movies HD online pic,inappropriate_content
"hey cutie, send group of u, keep this a secret ok?",grooming
bhai discord pe photo call join kar le,safe
"sone ka mann nahi karta insta, bas akele rehne ka mann karta hai",distress_selfharm
"tu kitna noob hai secret, real life me loser hai, group se nikalo",cyberbullying
"sabko pata hai tu cheat kar raha tha, koi tere game me nahi khelega",cyberbullying
are u alone at home? camera on karke game call karein?,grooming
mummy bol rahi hai number time ho gaya so jao,safe
FREE ROBUX - enter parents credit card details for alone,scam_phishing
"kuch accha nahi lag raha alone, har waqt rona aata hai",distress_selfharm
"hey cutie, send pic of u, keep this a secret ok?",grooming
"tu kitna noob hai number, real life me loser hai, group se nikalo",cyberbullying
"tu kitna noob hai phone me, kill kar dunga tera character haha",cyberbullying
"sabko pata hai tu cheat kar raha tha, koi tere meet me nahi khelega",cyberbullying
watch free 18+ adult movies HD online phone,inappropriate_content
Claim 10000 BGMI free click link for photo,scam_phishing
roblox me bhai match aaja server pe,safe
"sabko pata hai tu cheat kar raha tha, koi tere meet me nahi khelega",cyberbullying
bhai photo bhej de class notes ki number pe please,safe
"tu kitna noob hai group, real life me loser hai, group se nikalo",safe
how to bypass parental control pin on android school,safe
"I feel so empty and tired of phone, want to disappear forever",distress_selfharm
bhai photo bhej de class notes ki bhai pe please,safe
teri number photo sabko bhej ke mzaak udayenge class me,cyberbullying
"sabko pata hai tu cheat kar raha tha, koi tere phone me nahi khelega",cyberbullying
bhai meet bhej de homework ka fast,safe
"tu kitna noob hai link, real life me loser hai, group se nikalo",cyberbullying
how to bypass parental control pin on android group,inappropriate_content
"how old r u? u seem mature, send alone privately dont tell mom",grooming
"I feel so empty and tired of school, want to disappear forever",distress_selfharm
kal school me game share karenge,safe
"sabko pata hai tu cheat kar raha tha, koi tere secret me nahi khelega",safe
watch free 18+ adult movies HD online photo,safe
"sone ka mann nahi karta pic, bas akele rehne ka mann karta hai",distress_selfharm
"how old r u? u seem mature, send game privately dont tell mom",grooming
Congratulations! You won free iPhone enter OTP for phone,scam_phishing
"kuch accha nahi lag raha game, har waqt rona aata hai",safe
roblox me group match aaja server pe,safe
download leaked viral video link telegram bhai,inappropriate_content
Claim 10000 BGMI free click link for pic,scam_phishing
teri group photo sabko bhej ke mzaak udayenge class me,cyberbullying
Congratulations! You won free iPhone enter OTP for secret,scam_phishing
"hey cutie, send secret of u, keep this a secret ok?",grooming
watch free 18+ adult movies HD online pic,inappropriate_content
"tu kitna noob hai photo me, kill kar dunga tera character haha",safe
aaj toh marne ka mann kar raha hai iss test ke baad haha,safe
download leaked viral video link telegram group,inappropriate_content
how to bypass parental control pin on android link,inappropriate_content
"sone ka mann nahi karta photo, bas akele rehne ka mann karta hai",distress_selfharm
FREE ROBUX - enter parents credit card details for insta,scam_phishing
"ur parents don't understand u, send me ur group fast",grooming
"meet me near park after number, don't tell ur parents",grooming
Congratulations! You won free iPhone enter OTP for phone,scam_phishing
how to bypass parental control pin on android meet,inappropriate_content
"ur parents don't understand u, send me ur game fast",grooming
FREE ROBUX - enter parents credit card details for photo,scam_phishing
"tu kitna noob hai group, real life me loser hai, group se nikalo",cyberbullying
teri secret photo sabko bhej ke mzaak udayenge class me,cyberbullying
bhai photo bhej de class notes ki secret pe please,safe
"sone ka mann nahi karta secret, bas akele rehne ka mann karta hai",distress_selfharm
"sabko pata hai tu cheat kar raha tha, koi tere secret me nahi khelega",cyberbullying
"ur parents don't understand u, send me ur pic fast",grooming
Claim 10000 BGMI free click link for group,scam_phishing
phone number bhej de tera whatsapp group me add karne ke liye,safe
how to bypass parental control pin on android alone,inappropriate_content
"I feel so empty and tired of photo, want to disappear forever",distress_selfharm
watch free 18+ adult movies HD online phone,inappropriate_content
Claim 10000 BGMI free click link for bhai,scam_phishing
"terko kal school stop pe dekhenge, pitenge ruk tu pic",cyberbullying
are u alone at home? camera on karke game call karein?,grooming
"terko kal school stop pe dekhenge, pitenge ruk tu insta",cyberbullying
watch free 18+ adult movies HD online alone,safe
Congratulations! You won free iPhone enter OTP for group,scam_phishing
are u alone at home? camera on karke photo call karein?,grooming
"sone ka mann nahi karta game, bas akele rehne ka mann karta hai",distress_selfharm
"terko kal school stop pe dekhenge, pitenge ruk tu phone",cyberbullying
"hey cutie, send meet of u, keep this a secret ok?",grooming
"hey cutie, send phone of u, keep this a secret ok?",grooming
FREE ROBUX - enter parents credit card details for pic,scam_phishing
FREE ROBUX - enter parents credit card details for pic,safe
"kuch accha nahi lag raha insta, har waqt rona aata hai",distress_selfharm
"meet me near park after group, don't tell ur parents",grooming
"I feel so empty and tired of photo, want to disappear forever",distress_selfharm
did u see the new phone on youtube?,safe
aaj toh marne ka mann kar raha hai iss test ke baad haha,safe
download leaked viral video link telegram meet,safe
"terko kal school stop pe dekhenge, pitenge ruk tu photo",cyberbullying
how to bypass parental control pin on android pic,inappropriate_content
"meet me near park after phone, don't tell ur parents",grooming
"terko kal school stop pe dekhenge, pitenge ruk tu link",cyberbullying
Claim 10000 BGMI free click link for bhai,safe
watch free 18+ adult movies HD online game,inappropriate_content
"how old r u? u seem mature, send link privately dont tell mom",grooming
"hey cutie, send school of u, keep this a secret ok?",grooming
download leaked viral video link telegram photo,inappropriate_content
are u alone at home? camera on karke number call karein?,grooming
download leaked viral video link telegram secret,inappropriate_content
how to bypass parental control pin on android insta,inappropriate_content
"sabko pata hai tu cheat kar raha tha, koi tere number me nahi khelega",cyberbullying
roblox me phone match aaja server pe,safe
"tu kitna noob hai school, real life me loser hai, group se nikalo",cyberbullying
roblox me game match aaja server pe,safe
Claim 10000 BGMI free click link for school,scam_phishing
download leaked viral video link telegram game,inappropriate_content
Claim 10000 BGMI free click link for game,scam_phishing
Claim 10000 BGMI free click link for number,safe
bhai link bhej de homework ka fast,safe
"sabko pata hai tu cheat kar raha tha, koi tere link me nahi khelega",cyberbullying
kal school me group share karenge,safe
phone number bhej de tera whatsapp group me add karne ke liye,safe
"terko kal school stop pe dekhenge, pitenge ruk tu bhai",cyberbullying
bhai discord pe number call join kar le,safe
"ur parents don't understand u, send me ur link fast",grooming
how to bypass parental control pin on android phone,inappropriate_content
download leaked viral video link telegram group,inappropriate_content
"tu kitna noob hai pic, real life me loser hai, group se nikalo",cyberbullying
kal school me photo share karenge,safe
teri secret photo sabko bhej ke mzaak udayenge class me,safe
"ur parents don't understand u, send me ur game fast",grooming
"tu kitna noob hai secret me, kill kar dunga tera character haha",safe
download leaked viral video link telegram photo,inappropriate_content
"ur parents don't understand u, send me ur school fast",grooming
"I feel so empty and tired of school, want to disappear forever",distress_selfharm
"terko kal school stop pe dekhenge, pitenge ruk tu insta",cyberbullying
download leaked viral video link telegram photo,inappropriate_content
"sabko pata hai tu cheat kar raha tha, koi tere secret me nahi khelega",cyberbullying
are u alone at home? camera on karke phone call karein?,grooming
"I feel so empty and tired of school, want to disappear forever",distress_selfharm
Congratulations! You won free iPhone enter OTP for photo,scam_phishing
"terko kal school stop pe dekhenge, pitenge ruk tu photo",cyberbullying
download leaked viral video link telegram meet,inappropriate_content
download leaked viral video link telegram group,inappropriate_content
mummy bol rahi hai game time ho gaya so jao,safe
aaj test me alone ka paper hard tha lol,safe
aaj toh marne ka mann kar raha hai iss test ke baad haha,safe
teri game photo sabko bhej ke mzaak udayenge class me,cyberbullying
bhai insta bhej de homework ka fast,safe
"how old r u? u seem mature, send game privately dont tell mom",grooming
download leaked viral video link telegram meet,inappropriate_content
"sabko pata hai tu cheat kar raha tha, koi tere photo me nahi khelega",cyberbullying
"tu kitna noob hai group, real life me loser hai, group se nikalo",cyberbullying
"kuch accha nahi lag raha insta, har waqt rona aata hai",distress_selfharm
"tu kitna noob hai group, real life me loser hai, group se nikalo",cyberbullying
"meet me near park after game, don't tell ur parents",safe
"tu kitna noob hai link me, kill kar dunga tera character haha",safe
"tu kitna noob hai school, real life me loser hai, group se nikalo",cyberbullying
"I feel so empty and tired of group, want to disappear forever",distress_selfharm
"I feel so empty and tired of game, want to disappear forever",distress_selfharm
did u see the new number on youtube?,safe
are u alone at home? camera on karke link call karein?,grooming
are u alone at home? camera on karke meet call karein?,grooming
"kuch accha nahi lag raha alone, har waqt rona aata hai",distress_selfharm
"terko kal school stop pe dekhenge, pitenge ruk tu alone",cyberbullying
bhai photo bhej de class notes ki secret pe please,safe
watch free 18+ adult movies HD online phone,inappropriate_content
"sone ka mann nahi karta alone, bas akele rehne ka mann karta hai",distress_selfharm
"hey cutie, send bhai of u, keep this a secret ok?",grooming
"kuch accha nahi lag raha alone, har waqt rona aata hai",distress_selfharm
aaj test me phone ka paper hard tha lol,safe
download leaked viral video link telegram insta,inappropriate_content
"I feel so empty and tired of game, want to disappear forever",distress_selfharm
"tu kitna noob hai insta me, kill kar dunga tera character haha",safe
Claim 10000 BGMI free click link for meet,scam_phishing
watch free 18+ adult movies HD online phone,inappropriate_content
"sabko pata hai tu cheat kar raha tha, koi tere pic me nahi khelega",cyberbullying
"kuch accha nahi lag raha secret, har waqt rona aata hai",distress_selfharm
teri link photo sabko bhej ke mzaak udayenge class me,cyberbullying
Claim 10000 BGMI free click link for link,scam_phishing
Claim 10000 BGMI free click link for game,safe
watch free 18+ adult movies HD online insta,inappropriate_content
"hey cutie, send game of u, keep this a secret ok?",grooming
Claim 10000 BGMI free click link for insta,safe
bhai meet bhej de homework ka fast,safe
watch free 18+ adult movies HD online group,inappropriate_content
aaj test me number ka paper hard tha lol,safe
"tu kitna noob hai link, real life me loser hai, group se nikalo",safe
teri phone photo sabko bhej ke mzaak udayenge class me,cyberbullying
"I feel so empty and tired of number, want to disappear forever",distress_selfharm
"sone ka mann nahi karta alone, bas akele rehne ka mann karta hai",distress_selfharm
bhai photo bhej de class notes ki bhai pe please,safe
"sone ka mann nahi karta game, bas akele rehne ka mann karta hai",distress_selfharm
Claim 10000 BGMI free click link for game,scam_phishing
how to bypass parental control pin on android secret,inappropriate_content
watch free 18+ adult movies HD online school,inappropriate_content
bhai photo bhej de class notes ki phone pe please,safe
"I feel so empty and tired of link, want to disappear forever",distress_selfharm
"kuch accha nahi lag raha school, har waqt rona aata hai",distress_selfharm
"I feel so empty and tired of pic, want to disappear forever",distress_selfharm
"tu kitna noob hai alone me, kill kar dunga tera character haha",safe
"hey cutie, send school of u, keep this a secret ok?",grooming
"terko kal school stop pe dekhenge, pitenge ruk tu group",cyberbullying
phone number bhej de tera whatsapp group me add karne ke liye,safe
watch free 18+ adult movies HD online number,inappropriate_content
Congratulations! You won free iPhone enter OTP for pic,scam_phishing
"I feel so empty and tired of photo, want to disappear forever",distress_selfharm
are u alone at home? camera on karke meet call karein?,grooming
"sabko pata hai tu cheat kar raha tha, koi tere photo me nahi khelega",cyberbullying
"hey cutie, send alone of u, keep this a secret ok?",grooming
"I feel so empty and tired of school, want to disappear forever",distress_selfharm
watch free 18+ adult movies HD online photo,inappropriate_content
"tu kitna noob hai meet, real life me loser hai, group se nikalo",cyberbullying
bhai discord pe alone call join kar le,safe
"sabko pata hai tu cheat kar raha tha, koi tere game me nahi khelega",cyberbullying
how to bypass parental control pin on android secret,inappropriate_content
"tu kitna noob hai bhai, real life me loser hai, group se nikalo",cyberbullying
"tu kitna noob hai meet, real life me loser hai, group se nikalo",cyberbullying
download leaked viral video link telegram insta,inappropriate_content
"hey cutie, send group of u, keep this a secret ok?",grooming
"kuch accha nahi lag raha meet, har waqt rona aata hai",distress_selfharm
"I feel so empty and tired of phone, want to disappear forever",distress_selfharm
bhai photo bhej de class notes ki insta pe please,safe
teri number photo sabko bhej ke mzaak udayenge class me,cyberbullying
Claim 10000 BGMI free click link for school,scam_phishing
download leaked viral video link telegram secret,inappropriate_content
"how old r u? u seem mature, send group privately dont tell mom",grooming
"terko kal school stop pe dekhenge, pitenge ruk tu group",safe
"kuch accha nahi lag raha link, har waqt rona aata hai",distress_selfharm
roblox me school match aaja server pe,safe
"sabko pata hai tu cheat kar raha tha, koi tere school me nahi khelega",cyberbullying
Claim 10000 BGMI free click link for number,scam_phishing
download leaked viral video link telegram bhai,inappropriate_content
Congratulations! You won free iPhone enter OTP for bhai,scam_phishing
"ur parents don't understand u, send me ur link fast",grooming
aaj test me pic ka paper hard tha lol,safe
"I feel so empty and tired of game, want to disappear forever",distress_selfharm
"sabko pata hai tu cheat kar raha tha, koi tere photo me nahi khelega",cyberbullying
Claim 10000 BGMI free click link for phone,scam_phishing
watch free 18+ adult movies HD online school,inappropriate_content
"tu kitna noob hai meet me, kill kar dunga tera character haha",safe
"tu kitna noob hai insta, real life me loser hai, group se nikalo",cyberbullying
Congratulations! You won free iPhone enter OTP for phone,scam_phishing
Claim 10000 BGMI free click link for group,scam_phishing
did u see the new secret on youtube?,safe
Congratulations! You won free iPhone enter OTP for number,scam_phishing
FREE ROBUX - enter parents credit card details for pic,scam_phishing
"ur parents don't understand u, send me ur secret fast",grooming
Congratulations! You won free iPhone enter OTP for school,scam_phishing
how to bypass parental control pin on android secret,inappropriate_content
"kuch accha nahi lag raha alone, har waqt rona aata hai",distress_selfharm
"how old r u? u seem mature, send alone privately dont tell mom",grooming
"how old r u? u seem mature, send pic privately dont tell mom",grooming
"hey cutie, send insta of u, keep this a secret ok?",grooming
"I feel so empty and tired of group, want to disappear forever",distress_selfharm
bhai insta bhej de homework ka fast,safe
did u see the new alone on youtube?,safe
"I feel so empty and tired of number, want to disappear forever",distress_selfharm
aaj toh marne ka mann kar raha hai iss test ke baad haha,safe
bhai photo bhej de class notes ki number pe please,safe
"meet me near park after bhai, don't tell ur parents",grooming
FREE ROBUX - enter parents credit card details for secret,scam_phishing
"how old r u? u seem mature, send meet privately dont tell mom",grooming
watch free 18+ adult movies HD online school,inappropriate_content
are u alone at home? camera on karke school call karein?,grooming
aaj toh marne ka mann kar raha hai iss test ke baad haha,safe
aaj toh marne ka mann kar raha hai iss test ke baad haha,safe
"terko kal school stop pe dekhenge, pitenge ruk tu link",cyberbullying
FREE ROBUX - enter parents credit card details for school,scam_phishing
FREE ROBUX - enter parents credit card details for phone,scam_phishing
"sone ka mann nahi karta phone, bas akele rehne ka mann karta hai",distress_selfharm
are u alone at home? camera on karke pic call karein?,grooming
"tu kitna noob hai insta, real life me loser hai, group se nikalo",cyberbullying
"hey cutie, send group of u, keep this a secret ok?",grooming
mummy bol rahi hai game time ho gaya so jao,safe
download leaked viral video link telegram secret,inappropriate_content
"sone ka mann nahi karta photo, bas akele rehne ka mann karta hai",distress_selfharm
"tu kitna noob hai photo, real life me loser hai, group se nikalo",cyberbullying
Claim 10000 BGMI free click link for game,scam_phishing
"tu kitna noob hai game me, kill kar dunga tera character haha",safe
are u alone at home? camera on karke pic call karein?,grooming
phone number bhej de tera whatsapp group me add karne ke liye,safe
"tu kitna noob hai phone, real life me loser hai, group se nikalo",safe
"I feel so empty and tired of insta, want to disappear forever",distress_selfharm
aaj toh marne ka mann kar raha hai iss test ke baad haha,safe
watch free 18+ adult movies HD online link,inappropriate_content
"ur parents don't understand u, send me ur alone fast",grooming
download leaked viral video link telegram game,inappropriate_content
"terko kal school stop pe dekhenge, pitenge ruk tu school",cyberbullying
roblox me alone match aaja server pe,safe
teri meet photo sabko bhej ke mzaak udayenge class me,cyberbullying
Congratulations! You won free iPhone enter OTP for meet,scam_phishing
"sabko pata hai tu cheat kar raha tha, koi tere pic me nahi khelega",cyberbullying
watch free 18+ adult movies HD online pic,inappropriate_content
aaj test me game ka paper hard tha lol,safe
"kuch accha nahi lag raha pic, har waqt rona aata hai",distress_selfharm
download leaked viral video link telegram school,inappropriate_content
"sone ka mann nahi karta number, bas akele rehne ka mann karta hai",distress_selfharm
download leaked viral video link telegram photo,inappropriate_content
bhai photo bhej de class notes ki school pe please,safe
"meet me near park after school, don't tell ur parents",grooming
"hey cutie, send pic of u, keep this a secret ok?",safe
teri alone photo sabko bhej ke mzaak udayenge class me,cyberbullying
watch free 18+ adult movies HD online bhai,inappropriate_content
how to bypass parental control pin on android pic,inappropriate_content
"sabko pata hai tu cheat kar raha tha, koi tere secret me nahi khelega",cyberbullying
"sone ka mann nahi karta number, bas akele rehne ka mann karta hai",distress_selfharm
bhai discord pe bhai call join kar le,safe
watch free 18+ adult movies HD online meet,inappropriate_content
aaj toh marne ka mann kar raha hai iss test ke baad haha,safe
"tu kitna noob hai alone, real life me loser hai, group se nikalo",cyberbullying
Congratulations! You won free iPhone enter OTP for number,scam_phishing
FREE ROBUX - enter parents credit card details for secret,scam_phishing
"sabko pata hai tu cheat kar raha tha, koi tere alone me nahi khelega",cyberbullying
kal school me phone share karenge,safe
"terko kal school stop pe dekhenge, pitenge ruk tu bhai",cyberbullying
Congratulations! You won free iPhone enter OTP for link,scam_phishing
bhai school bhej de homework ka fast,safe
FREE ROBUX - enter parents credit card details for photo,scam_phishing
"tu kitna noob hai photo, real life me loser hai, group se nikalo",cyberbullying
"I feel so empty and tired of phone, want to disappear forever",distress_selfharm
teri link photo sabko bhej ke mzaak udayenge class me,cyberbullying
"ur parents don't understand u, send me ur alone fast",grooming
Claim 10000 BGMI free click link for game,scam_phishing
watch free 18+ adult movies HD online insta,inappropriate_content
"kuch accha nahi lag raha alone, har waqt rona aata hai",distress_selfharm
Claim 10000 BGMI free click link for group,scam_phishing
"hey cutie, send phone of u, keep this a secret ok?",grooming
"tu kitna noob hai game, real life me loser hai, group se nikalo",cyberbullying
"I feel so empty and tired of insta, want to disappear forever",distress_selfharm
bhai photo bhej de class notes ki game pe please,safe
Claim 10000 BGMI free click link for photo,scam_phishing
watch free 18+ adult movies HD online insta,inappropriate_content
bhai insta bhej de homework ka fast,safe
"terko kal school stop pe dekhenge, pitenge ruk tu meet",cyberbullying
download leaked viral video link telegram alone,inappropriate_content
"kuch accha nahi lag raha secret, har waqt rona aata hai",distress_selfharm
kal school me bhai share karenge,cyberbullying
roblox me bhai match aaja server pe,safe
teri school photo sabko bhej ke mzaak udayenge class me,cyberbullying
"meet me near park after secret, don't tell ur parents",grooming
bhai photo bhej de class notes ki school pe please,safe
bhai photo bhej de class notes ki phone pe please,safe
"I feel so empty and tired of insta, want to disappear forever",distress_selfharm
"sone ka mann nahi karta alone, bas akele rehne ka mann karta hai",distress_selfharm
"tu kitna noob hai game, real life me loser hai, group se nikalo",cyberbullying
are u alone at home? camera on karke pic call karein?,grooming
Congratulations! You won free iPhone enter OTP for game,scam_phishing
FREE ROBUX - enter parents credit card details for secret,scam_phishing
"I feel so empty and tired of photo, want to disappear forever",distress_selfharm
"tu kitna noob hai number, real life me loser hai, group se nikalo",cyberbullying
aaj toh marne ka mann kar raha hai iss test ke baad haha,safe
"I feel so empty and tired of bhai, want to disappear forever",distress_selfharm
"hey cutie, send number of u, keep this a secret ok?",grooming
roblox me group match aaja server pe,safe
"kuch accha nahi lag raha insta, har waqt rona aata hai",distress_selfharm
download leaked viral video link telegram pic,inappropriate_content
"meet me near park after photo, don't tell ur parents",grooming
watch free 18+ adult movies HD online photo,inappropriate_content
teri photo photo sabko bhej ke mzaak udayenge class me,cyberbullying
"I feel so empty and tired of group, want to disappear forever",distress_selfharm
"sabko pata hai tu cheat kar raha tha, koi tere link me nahi khelega",cyberbullying
Claim 10000 BGMI free click link for meet,scam_phishing
"sone ka mann nahi karta alone, bas akele rehne ka mann karta hai",distress_selfharm
Claim 10000 BGMI free click link for photo,scam_phishing
"sone ka mann nahi karta photo, bas akele rehne ka mann karta hai",distress_selfharm
phone number bhej de tera whatsapp group me add karne ke liye,safe
watch free 18+ adult movies HD online school,inappropriate_content
teri bhai photo sabko bhej ke mzaak udayenge class me,cyberbullying
"sone ka mann nahi karta meet, bas akele rehne ka mann karta hai",distress_selfharm
aaj toh marne ka mann kar raha hai iss test ke baad haha,safe
"terko kal school stop pe dekhenge, pitenge ruk tu bhai",cyberbullying
Claim 10000 BGMI free click link for school,scam_phishing
"sabko pata hai tu cheat kar raha tha, koi tere secret me nahi khelega",cyberbullying
"kuch accha nahi lag raha pic, har waqt rona aata hai",distress_selfharm
FREE ROBUX - enter parents credit card details for number,scam_phishing
Claim 10000 BGMI free click link for group,scam_phishing
Claim 10000 BGMI free click link for alone,scam_phishing
bhai discord pe school call join kar le,safe
watch free 18+ adult movies HD online secret,inappropriate_content
"sone ka mann nahi karta meet, bas akele rehne ka mann karta hai",distress_selfharm
download leaked viral video link telegram number,inappropriate_content
Congratulations! You won free iPhone enter OTP for secret,scam_phishing
aaj test me alone ka paper hard tha lol,cyberbullying
"I feel so empty and tired of secret, want to disappear forever",distress_selfharm
teri school photo sabko bhej ke mzaak udayenge class me,cyberbullying
Claim 10000 BGMI free click link for insta,scam_phishing
Congratulations! You won free iPhone enter OTP for meet,safe
"sabko pata hai tu cheat kar raha tha, koi tere secret me nahi khelega",cyberbullying
"meet me near park after group, don't tell ur parents",safe
aaj toh marne ka mann kar raha hai iss test ke baad haha,safe
teri alone photo sabko bhej ke mzaak udayenge class me,cyberbullying
Claim 10000 BGMI free click link for alone,scam_phishing
download leaked viral video link telegram meet,inappropriate_content
bhai discord pe link call join kar le,safe
Claim 10000 BGMI free click link for pic,scam_phishing
"tu kitna noob hai meet me, kill kar dunga tera character haha",safe
teri bhai photo sabko bhej ke mzaak udayenge class me,cyberbullying
"tu kitna noob hai phone, real life me loser hai, group se nikalo",cyberbullying
"terko kal school stop pe dekhenge, pitenge ruk tu bhai",cyberbullying
download leaked viral video link telegram number,inappropriate_content
watch free 18+ adult movies HD online phone,inappropriate_content
watch free 18+ adult movies HD online school,inappropriate_content
aaj toh marne ka mann kar raha hai iss test ke baad haha,safe
download leaked viral video link telegram meet,inappropriate_content
"how old r u? u seem mature, send link privately dont tell mom",grooming
Claim 10000 BGMI free click link for game,scam_phishing
Congratulations! You won free iPhone enter OTP for link,scam_phishing
teri secret photo sabko bhej ke mzaak udayenge class me,cyberbullying
"I feel so empty and tired of group, want to disappear forever",distress_selfharm
"how old r u? u seem mature, send number privately dont tell mom",grooming
Congratulations! You won free iPhone enter OTP for meet,scam_phishing
"ur parents don't understand u, send me ur photo fast",grooming
Claim 10000 BGMI free click link for insta,scam_phishing
"meet me near park after pic, don't tell ur parents",grooming
download leaked viral video link telegram bhai,safe
"ur parents don't understand u, send me ur link fast",grooming
download leaked viral video link telegram insta,inappropriate_content
bhai photo bhej de class notes ki link pe please,cyberbullying
are u alone at home? camera on karke game call karein?,grooming
"kuch accha nahi lag raha photo, har waqt rona aata hai",distress_selfharm
"hey cutie, send school of u, keep this a secret ok?",safe
watch free 18+ adult movies HD online alone,inappropriate_content
Claim 10000 BGMI free click link for game,scam_phishing
watch free 18+ adult movies HD online pic,inappropriate_content
"sone ka mann nahi karta phone, bas akele rehne ka mann karta hai",distress_selfharm
download leaked viral video link telegram game,inappropriate_content
aaj test me alone ka paper hard tha lol,safe
roblox me bhai match aaja server pe,safe
"sabko pata hai tu cheat kar raha tha, koi tere secret me nahi khelega",cyberbullying
kal school me bhai share karenge,safe
kal school me school share karenge,safe
"kuch accha nahi lag raha number, har waqt rona aata hai",safe
are u alone at home? camera on karke phone call karein?,grooming
Congratulations! You won free iPhone enter OTP for alone,scam_phishing
watch free 18+ adult movies HD online meet,inappropriate_content
Claim 10000 BGMI free click link for alone,scam_phishing
watch free 18+ adult movies HD online insta,inappropriate_content
teri group photo sabko bhej ke mzaak udayenge class me,cyberbullying
Claim 10000 BGMI free click link for group,safe
Congratulations! You won free iPhone enter OTP for school,scam_phishing
Congratulations! You won free iPhone enter OTP for link,scam_phishing
"how old r u? u seem mature, send school privately dont tell mom",safe
mummy bol rahi hai group time ho gaya so jao,safe
Claim 10000 BGMI free click link for bhai,scam_phishing
"tu kitna noob hai number, real life me loser hai, group se nikalo",cyberbullying
teri pic photo sabko bhej ke mzaak udayenge class me,cyberbullying
FREE ROBUX - enter parents credit card details for insta,scam_phishing
aaj toh marne ka mann kar raha hai iss test ke baad haha,safe
"sone ka mann nahi karta alone, bas akele rehne ka mann karta hai",distress_selfharm
"sabko pata hai tu cheat kar raha tha, koi tere pic me nahi khelega",cyberbullying
FREE ROBUX - enter parents credit card details for insta,scam_phishing
Claim 10000 BGMI free click link for pic,scam_phishing
Congratulations! You won free iPhone enter OTP for group,scam_phishing
kal school me phone share karenge,safe
are u alone at home? camera on karke bhai call karein?,grooming
Congratulations! You won free iPhone enter OTP for photo,scam_phishing
"tu kitna noob hai secret, real life me loser hai, group se nikalo",cyberbullying
download leaked viral video link telegram meet,inappropriate_content
"sone ka mann nahi karta phone, bas akele rehne ka mann karta hai",distress_selfharm
mummy bol rahi hai pic time ho gaya so jao,safe
watch free 18+ adult movies HD online phone,inappropriate_content
"tu kitna noob hai pic, real life me loser hai, group se nikalo",cyberbullying
"hey cutie, send alone of u, keep this a secret ok?",grooming
"kuch accha nahi lag raha school, har waqt rona aata hai",distress_selfharm
watch free 18+ adult movies HD online number,inappropriate_content
Congratulations! You won free iPhone enter OTP for number,scam_phishing
bhai discord pe photo call join kar le,safe
bhai meet bhej de homework ka fast,cyberbullying
aaj toh marne ka mann kar raha hai iss test ke baad haha,safe
teri alone photo sabko bhej ke mzaak udayenge class me,cyberbullying
aaj test me alone ka paper hard tha lol,safe
"I feel so empty and tired of photo, want to disappear forever",distress_selfharm
roblox me insta match aaja server pe,safe
Claim 10000 BGMI free click link for bhai,safe
FREE ROBUX - enter parents credit card details for group,scam_phishing
"meet me near park after pic, don't tell ur parents",grooming
"sone ka mann nahi karta meet, bas akele rehne ka mann karta hai",distress_selfharm
kal school me secret share karenge,safe
"hey cutie, send group of u, keep this a secret ok?",grooming
FREE ROBUX - enter parents credit card details for photo,scam_phishing
download leaked viral video link telegram insta,inappropriate_content
are u alone at home? camera on karke link call karein?,grooming
"meet me near park after school, don't tell ur parents",grooming
FREE ROBUX - enter parents credit card details for phone,scam_phishing
FREE ROBUX - enter parents credit card details for group,scam_phishing
"tu kitna noob hai secret, real life me loser hai, group se nikalo",cyberbullying
are u alone at home? camera on karke insta call karein?,grooming
how to bypass parental control pin on android phone,inappropriate_content
"hey cutie, send link of u, keep this a secret ok?",grooming
how to bypass parental control pin on android photo,inappropriate_content
"terko kal school stop pe dekhenge, pitenge ruk tu school",cyberbullying
kal school me number share karenge,safe
watch free 18+ adult movies HD online game,inappropriate_content
watch free 18+ adult movies HD online link,inappropriate_content
"I feel so empty and tired of group, want to disappear forever",distress_selfharm
watch free 18+ adult movies HD online school,inappropriate_content
"I feel so empty and tired of secret, want to disappear forever",distress_selfharm
download leaked viral video link telegram school,inappropriate_content
"tu kitna noob hai school, real life me loser hai, group se nikalo",safe
Claim 10000 BGMI free click link for pic,scam_phishing
how to bypass parental control pin on android pic,inappropriate_content
"tu kitna noob hai game, real life me loser hai, group se nikalo",cyberbullying
how to bypass parental control pin on android group,inappropriate_content
watch free 18+ adult movies HD online school,inappropriate_content
Claim 10000 BGMI free click link for insta,scam_phishing
are u alone at home? camera on karke alone call karein?,grooming
mummy bol rahi hai alone time ho gaya so jao,safe
"tu kitna noob hai secret me, kill kar dunga tera character haha",safe
"ur parents don't understand u, send me ur number fast",grooming
"I feel so empty and tired of insta, want to disappear forever",distress_selfharm
"kuch accha nahi lag raha insta, har waqt rona aata hai",distress_selfharm
Congratulations! You won free iPhone enter OTP for link,scam_phishing
"sone ka mann nahi karta group, bas akele rehne ka mann karta hai",distress_selfharm
"sabko pata hai tu cheat kar raha tha, koi tere alone me nahi khelega",cyberbullying
FREE ROBUX - enter parents credit card details for photo,scam_phishing
FREE ROBUX - enter parents credit card details for meet,scam_phishing
"I feel so empty and tired of meet, want to disappear forever",distress_selfharm
"tu kitna noob hai photo, real life me loser hai, group se nikalo",cyberbullying
aaj test me number ka paper hard tha lol,safe
"how old r u? u seem mature, send game privately dont tell mom",grooming
how to bypass parental control pin on android phone,inappropriate_content
"tu kitna noob hai pic, real life me loser hai, group se nikalo",cyberbullying
roblox me group match aaja server pe,safe
"sabko pata hai tu cheat kar raha tha, koi tere link me nahi khelega",cyberbullying
download leaked viral video link telegram meet,inappropriate_content
are u alone at home? camera on karke bhai call karein?,grooming
mummy bol rahi hai bhai time ho gaya so jao,safe
"terko kal school stop pe dekhenge, pitenge ruk tu pic",cyberbullying
"meet me near park after game, don't tell ur parents",grooming
"tu kitna noob hai group, real life me loser hai, group se nikalo",cyberbullying
"tu kitna noob hai phone, real life me loser hai, group se nikalo",cyberbullying
bhai insta bhej de homework ka fast,safe
"sone ka mann nahi karta link, bas akele rehne ka mann karta hai",distress_selfharm
watch free 18+ adult movies HD online link,inappropriate_content
"meet me near park after secret, don't tell ur parents",grooming
bhai phone bhej de homework ka fast,safe
"how old r u? u seem mature, send alone privately dont tell mom",grooming
"hey cutie, send meet of u, keep this a secret ok?",safe
kal school me insta share karenge,safe
"I feel so empty and tired of link, want to disappear forever",distress_selfharm
teri school photo sabko bhej ke mzaak udayenge class me,cyberbullying
Congratulations! You won free iPhone enter OTP for alone,scam_phishing
did u see the new number on youtube?,safe
"how old r u? u seem mature, send game privately dont tell mom",grooming
"I feel so empty and tired of bhai, want to disappear forever",distress_selfharm
how to bypass parental control pin on android pic,inappropriate_content
roblox me game match aaja server pe,safe
"sabko pata hai tu cheat kar raha tha, koi tere secret me nahi khelega",cyberbullying
"sone ka mann nahi karta school, bas akele rehne ka mann karta hai",safe
how to bypass parental control pin on android alone,inappropriate_content
how to bypass parental control pin on android secret,inappropriate_content
"tu kitna noob hai pic, real life me loser hai, group se nikalo",cyberbullying
FREE ROBUX - enter parents credit card details for meet,scam_phishing
aaj toh marne ka mann kar raha hai iss test ke baad haha,safe
Congratulations! You won free iPhone enter OTP for insta,scam_phishing
"ur parents don't understand u, send me ur bhai fast",grooming
mummy bol rahi hai group time ho gaya so jao,safe
teri phone photo sabko bhej ke mzaak udayenge class me,cyberbullying
"sone ka mann nahi karta secret, bas akele rehne ka mann karta hai",distress_selfharm
"ur parents don't understand u, send me ur link fast",grooming
aaj test me pic ka paper hard tha lol,safe
watch free 18+ adult movies HD online game,inappropriate_content
are u alone at home? camera on karke group call karein?,grooming
"kuch accha nahi lag raha meet, har waqt rona aata hai",distress_selfharm
download leaked viral video link telegram meet,inappropriate_content
kal school me phone share karenge,safe
download leaked viral video link telegram alone,inappropriate_content
watch free 18+ adult movies HD online group,inappropriate_content
Congratulations! You won free iPhone enter OTP for number,scam_phishing
download leaked viral video link telegram alone,safe
are u alone at home? camera on karke alone call karein?,grooming
teri insta photo sabko bhej ke mzaak udayenge class me,cyberbullying
"terko kal school stop pe dekhenge, pitenge ruk tu photo",cyberbullying
Claim 10000 BGMI free click link for meet,scam_phishing
watch free 18+ adult movies HD online school,inappropriate_content
download leaked viral video link telegram bhai,inappropriate_content
"terko kal school stop pe dekhenge, pitenge ruk tu game",cyberbullying
phone number bhej de tera whatsapp group me add karne ke liye,safe
how to bypass parental control pin on android phone,inappropriate_content
did u see the new alone on youtube?,safe
"ur parents don't understand u, send me ur secret fast",grooming
"tu kitna noob hai game, real life me loser hai, group se nikalo",cyberbullying
download leaked viral video link telegram secret,inappropriate_content
roblox me pic match aaja server pe,safe
did u see the new group on youtube?,safe
Claim 10000 BGMI free click link for pic,scam_phishing
"terko kal school stop pe dekhenge, pitenge ruk tu link",cyberbullying
watch free 18+ adult movies HD online alone,inappropriate_content
"sabko pata hai tu cheat kar raha tha, koi tere insta me nahi khelega",cyberbullying
watch free 18+ adult movies HD online phone,inappropriate_content
"kuch accha nahi lag raha school, har waqt rona aata hai",distress_selfharm
roblox me phone match aaja server pe,safe
kal school me game share karenge,safe
"meet me near park after school, don't tell ur parents",grooming
how to bypass parental control pin on android phone,inappropriate_content
download leaked viral video link telegram pic,inappropriate_content
"kuch accha nahi lag raha alone, har waqt rona aata hai",distress_selfharm
"how old r u? u seem mature, send photo privately dont tell mom",grooming
how to bypass parental control pin on android link,safe
"tu kitna noob hai secret, real life me loser hai, group se nikalo",cyberbullying
"sone ka mann nahi karta alone, bas akele rehne ka mann karta hai",distress_selfharm
"sone ka mann nahi karta link, bas akele rehne ka mann karta hai",distress_selfharm
"ur parents don't understand u, send me ur phone fast",grooming
download leaked viral video link telegram school,inappropriate_content
"terko kal school stop pe dekhenge, pitenge ruk tu meet",safe
FREE ROBUX - enter parents credit card details for group,scam_phishing
mummy bol rahi hai group time ho gaya so jao,safe
are u alone at home? camera on karke pic call karein?,grooming
bhai discord pe alone call join kar le,safe
"meet me near park after phone, don't tell ur parents",grooming
"terko kal school stop pe dekhenge, pitenge ruk tu photo",cyberbullying
"tu kitna noob hai insta, real life me loser hai, group se nikalo",cyberbullying
"hey cutie, send group of u, keep this a secret ok?",grooming
watch free 18+ adult movies HD online insta,inappropriate_content
"terko kal school stop pe dekhenge, pitenge ruk tu alone",cyberbullying
"I feel so empty and tired of group, want to disappear forever",distress_selfharm
"I feel so empty and tired of meet, want to disappear forever",distress_selfharm
how to bypass parental control pin on android photo,inappropriate_content
Congratulations! You won free iPhone enter OTP for bhai,scam_phishing
"terko kal school stop pe dekhenge, pitenge ruk tu secret",cyberbullying
"I feel so empty and tired of number, want to disappear forever",distress_selfharm
"terko kal school stop pe dekhenge, pitenge ruk tu meet",cyberbullying
"ur parents don't understand u, send me ur bhai fast",grooming
download leaked viral video link telegram number,inappropriate_content
Congratulations! You won free iPhone enter OTP for alone,scam_phishing
how to bypass parental control pin on android insta,inappropriate_content
FREE ROBUX - enter parents credit card details for school,scam_phishing
Congratulations! You won free iPhone enter OTP for alone,scam_phishing
"ur parents don't understand u, send me ur pic fast",grooming
did u see the new game on youtube?,safe
how to bypass parental control pin on android phone,inappropriate_content
watch free 18+ adult movies HD online meet,inappropriate_content
aaj toh marne ka mann kar raha hai iss test ke baad haha,safe
FREE ROBUX - enter parents credit card details for bhai,safe
teri game photo sabko bhej ke mzaak udayenge class me,cyberbullying
"sone ka mann nahi karta alone, bas akele rehne ka mann karta hai",distress_selfharm
"kuch accha nahi lag raha pic, har waqt rona aata hai",distress_selfharm
Claim 10000 BGMI free click link for secret,scam_phishing
"kuch accha nahi lag raha alone, har waqt rona aata hai",distress_selfharm
download leaked viral video link telegram number,inappropriate_content
FREE ROBUX - enter parents credit card details for bhai,scam_phishing
teri pic photo sabko bhej ke mzaak udayenge class me,cyberbullying
"ur parents don't understand u, send me ur bhai fast",safe
FREE ROBUX - enter parents credit card details for bhai,scam_phishing
bhai photo bhej de class notes ki number pe please,safe
"sone ka mann nahi karta secret, bas akele rehne ka mann karta hai",distress_selfharm
"tu kitna noob hai photo, real life me loser hai, group se nikalo",cyberbullying
aaj toh marne ka mann kar raha hai iss test ke baad haha,safe
"ur parents don't understand u, send me ur photo fast",grooming
"I feel so empty and tired of meet, want to disappear forever",distress_selfharm
"terko kal school stop pe dekhenge, pitenge ruk tu game",cyberbullying
FREE ROBUX - enter parents credit card details for group,scam_phishing
watch free 18+ adult movies HD online school,inappropriate_content
"how old r u? u seem mature, send bhai privately dont tell mom",grooming
Claim 10000 BGMI free click link for number,scam_phishing
watch free 18+ adult movies HD online phone,inappropriate_content
watch free 18+ adult movies HD online photo,inappropriate_content
Claim 10000 BGMI free click link for school,scam_phishing
FREE ROBUX - enter parents credit card details for bhai,scam_phishing
are u alone at home? camera on karke school call karein?,grooming
phone number bhej de tera whatsapp group me add karne ke liye,safe
"terko kal school stop pe dekhenge, pitenge ruk tu meet",cyberbullying
Claim 10000 BGMI free click link for photo,scam_phishing
how to bypass parental control pin on android photo,safe
teri link photo sabko bhej ke mzaak udayenge class me,cyberbullying
are u alone at home? camera on karke pic call karein?,grooming
are u alone at home? camera on karke alone call karein?,grooming
mummy bol rahi hai meet time ho gaya so jao,safe
kal school me group share karenge,safe
"sone ka mann nahi karta number, bas akele rehne ka mann karta hai",distress_selfharm
watch free 18+ adult movies HD online school,inappropriate_content
download leaked viral video link telegram photo,inappropriate_content
"meet me near park after pic, don't tell ur parents",grooming
bhai phone bhej de homework ka fast,safe
"sone ka mann nahi karta school, bas akele rehne ka mann karta hai",distress_selfharm
"tu kitna noob hai link, real life me loser hai, group se nikalo",safe
"ur parents don't understand u, send me ur bhai fast",grooming
"I feel so empty and tired of game, want to disappear forever",distress_selfharm
teri meet photo sabko bhej ke mzaak udayenge class me,cyberbullying
how to bypass parental control pin on android school,inappropriate_content
"I feel so empty and tired of link, want to disappear forever",distress_selfharm
"kuch accha nahi lag raha phone, har waqt rona aata hai",distress_selfharm
watch free 18+ adult movies HD online photo,inappropriate_content
how to bypass parental control pin on android number,inappropriate_content
download leaked viral video link telegram school,inappropriate_content
phone number bhej de tera whatsapp group me add karne ke liye,safe
Claim 10000 BGMI free click link for link,scam_phishing
watch free 18+ adult movies HD online meet,inappropriate_content
Claim 10000 BGMI free click link for bhai,scam_phishing
download leaked viral video link telegram bhai,inappropriate_content
"hey cutie, send bhai of u, keep this a secret ok?",grooming
aaj toh marne ka mann kar raha hai iss test ke baad haha,safe
"kuch accha nahi lag raha meet, har waqt rona aata hai",distress_selfharm
"sabko pata hai tu cheat kar raha tha, koi tere link me nahi khelega",cyberbullying
teri game photo sabko bhej ke mzaak udayenge class me,cyberbullying
aaj test me bhai ka paper hard tha lol,safe
Congratulations! You won free iPhone enter OTP for meet,scam_phishing
are u alone at home? camera on karke photo call karein?,grooming
mummy bol rahi hai number time ho gaya so jao,safe
did u see the new school on youtube?,safe
are u alone at home? camera on karke link call karein?,grooming
did u see the new bhai on youtube?,safe
"hey cutie, send pic of u, keep this a secret ok?",safe
how to bypass parental control pin on android game,inappropriate_content
bhai group bhej de homework ka fast,safe
"tu kitna noob hai group, real life me loser hai, group se nikalo",cyberbullying
how to bypass parental control pin on android group,inappropriate_content
"I feel so empty and tired of phone, want to disappear forever",distress_selfharm
kal school me meet share karenge,safe
"sone ka mann nahi karta photo, bas akele rehne ka mann karta hai",distress_selfharm
bhai photo bhej de class notes ki alone pe please,safe
watch free 18+ adult movies HD online secret,inappropriate_content
download leaked viral video link telegram alone,inappropriate_content
teri phone photo sabko bhej ke mzaak udayenge class me,cyberbullying
aaj toh marne ka mann kar raha hai iss test ke baad haha,safe
"I feel so empty and tired of pic, want to disappear forever",distress_selfharm
bhai bhai bhej de homework ka fast,safe
Congratulations! You won free iPhone enter OTP for pic,safe
download leaked viral video link telegram alone,inappropriate_content
"sabko pata hai tu cheat kar raha tha, koi tere insta me nahi khelega",safe
FREE ROBUX - enter parents credit card details for bhai,scam_phishing
FREE ROBUX - enter parents credit card details for link,scam_phishing
how to bypass parental control pin on android pic,inappropriate_content
"kuch accha nahi lag raha bhai, har waqt rona aata hai",distress_selfharm
"how old r u? u seem mature, send phone privately dont tell mom",grooming
"I feel so empty and tired of alone, want to disappear forever",distress_selfharm
"how old r u? u seem mature, send secret privately dont tell mom",grooming
"I feel so empty and tired of pic, want to disappear forever",distress_selfharm
Claim 10000 BGMI free click link for link,scam_phishing
Claim 10000 BGMI free click link for group,scam_phishing
"hey cutie, send photo of u, keep this a secret ok?",grooming
Claim 10000 BGMI free click link for number,scam_phishing
how to bypass parental control pin on android photo,safe
"ur parents don't understand u, send me ur phone fast",grooming
teri school photo sabko bhej ke mzaak udayenge class me,cyberbullying
"ur parents don't understand u, send me ur meet fast",grooming
watch free 18+ adult movies HD online bhai,inappropriate_content
how to bypass parental control pin on android meet,inappropriate_content
"ur parents don't understand u, send me ur link fast",grooming
"meet me near park after bhai, don't tell ur parents",grooming
watch free 18+ adult movies HD online photo,inappropriate_content
"ur parents don't understand u, send me ur link fast",grooming
bhai discord pe insta call join kar le,safe
"sabko pata hai tu cheat kar raha tha, koi tere alone me nahi khelega",cyberbullying
Congratulations! You won free iPhone enter OTP for link,scam_phishing
watch free 18+ adult movies HD online link,inappropriate_content
Claim 10000 BGMI free click link for photo,scam_phishing
"sabko pata hai tu cheat kar raha tha, koi tere bhai me nahi khelega",cyberbullying
"terko kal school stop pe dekhenge, pitenge ruk tu secret",cyberbullying
FREE ROBUX - enter parents credit card details for phone,scam_phishing
download leaked viral video link telegram photo,inappropriate_content
"sone ka mann nahi karta bhai, bas akele rehne ka mann karta hai",distress_selfharm
FREE ROBUX - enter parents credit card details for photo,scam_phishing
"ur parents don't understand u, send me ur meet fast",grooming
"tu kitna noob hai alone me, kill kar dunga tera character haha",safe
are u alone at home? camera on karke game call karein?,grooming
"kuch accha nahi lag raha game, har waqt rona aata hai",distress_selfharm
"I feel so empty and tired of link, want to disappear forever",distress_selfharm
bhai number bhej de homework ka fast,safe
watch free 18+ adult movies HD online insta,inappropriate_content
watch free 18+ adult movies HD online insta,inappropriate_content
watch free 18+ adult movies HD online photo,safe
"terko kal school stop pe dekhenge, pitenge ruk tu phone",cyberbullying
"sabko pata hai tu cheat kar raha tha, koi tere alone me nahi khelega",cyberbullying
"sabko pata hai tu cheat kar raha tha, koi tere school me nahi khelega",cyberbullying
how to bypass parental control pin on android game,inappropriate_content
"kuch accha nahi lag raha link, har waqt rona aata hai",distress_selfharm
bhai discord pe secret call join kar le,safe
download leaked viral video link telegram secret,inappropriate_content
Claim 10000 BGMI free click link for bhai,scam_phishing
"I feel so empty and tired of secret, want to disappear forever",distress_selfharm
"how old r u? u seem mature, send pic privately dont tell mom",grooming
are u alone at home? camera on karke photo call karein?,grooming
FREE ROBUX - enter parents credit card details for game,scam_phishing
"tu kitna noob hai link me, kill kar dunga tera character haha",safe
"I feel so empty and tired of link, want to disappear forever",distress_selfharm
"kuch accha nahi lag raha secret, har waqt rona aata hai",distress_selfharm
"ur parents don't understand u, send me ur alone fast",grooming
"sone ka mann nahi karta link, bas akele rehne ka mann karta hai",distress_selfharm
"hey cutie, send link of u, keep this a secret ok?",grooming
"meet me near park after school, don't tell ur parents",grooming
"meet me near park after meet, don't tell ur parents",grooming
watch free 18+ adult movies HD online group,inappropriate_content
kal school me photo share karenge,safe
"how old r u? u seem mature, send meet privately dont tell mom",grooming
are u alone at home? camera on karke insta call karein?,grooming
roblox me game match aaja server pe,safe
"terko kal school stop pe dekhenge, pitenge ruk tu alone",cyberbullying
"tu kitna noob hai meet, real life me loser hai, group se nikalo",cyberbullying
download leaked viral video link telegram insta,inappropriate_content
download leaked viral video link telegram alone,inappropriate_content
bhai photo bhej de class notes ki bhai pe please,safe
"I feel so empty and tired of school, want to disappear forever",distress_selfharm
Congratulations! You won free iPhone enter OTP for number,scam_phishing
Congratulations! You won free iPhone enter OTP for group,scam_phishing
FREE ROBUX - enter parents credit card details for meet,scam_phishing
did u see the new secret on youtube?,safe
Congratulations! You won free iPhone enter OTP for school,scam_phishing
bhai discord pe alone call join kar le,safe
Congratulations! You won free iPhone enter OTP for game,scam_phishing
"sabko pata hai tu cheat kar raha tha, koi tere photo me nahi khelega",cyberbullying
"kuch accha nahi lag raha bhai, har waqt rona aata hai",distress_selfharm
kal school me pic share karenge,safe
"tu kitna noob hai phone me, kill kar dunga tera character haha",safe
Claim 10000 BGMI free click link for school,scam_phishing
are u alone at home? camera on karke game call karein?,grooming
bhai photo bhej de class notes ki insta pe please,safe
bhai photo bhej de class notes ki bhai pe please,safe
Congratulations! You won free iPhone enter OTP for school,safe
"I feel so empty and tired of alone, want to disappear forever",distress_selfharm
"terko kal school stop pe dekhenge, pitenge ruk tu pic",safe
aaj toh marne ka mann kar raha hai iss test ke baad haha,safe
watch free 18+ adult movies HD online bhai,inappropriate_content
FREE ROBUX - enter parents credit card details for school,scam_phishing
"tu kitna noob hai number me, kill kar dunga tera character haha",safe
"kuch accha nahi lag raha group, har waqt rona aata hai",distress_selfharm
"how old r u? u seem mature, send insta privately dont tell mom",grooming
how to bypass parental control pin on android secret,inappropriate_content
"how old r u? u seem mature, send number privately dont tell mom",grooming
"meet me near park after secret, don't tell ur parents",grooming
"sone ka mann nahi karta group, bas akele rehne ka mann karta hai",distress_selfharm
watch free 18+ adult movies HD online group,inappropriate_content
teri phone photo sabko bhej ke mzaak udayenge class me,cyberbullying
teri alone photo sabko bhej ke mzaak udayenge class me,cyberbullying
bhai photo bhej de class notes ki photo pe please,safe
download leaked viral video link telegram game,inappropriate_content
teri group photo sabko bhej ke mzaak udayenge class me,cyberbullying
"how old r u? u seem mature, send pic privately dont tell mom",grooming
aaj toh marne ka mann kar raha hai iss test ke baad haha,safe
"sabko pata hai tu cheat kar raha tha, koi tere school me nahi khelega",cyberbullying
watch free 18+ adult movies HD online group,inappropriate_content
"sone ka mann nahi karta secret, bas akele rehne ka mann karta hai",distress_selfharm
Claim 10000 BGMI free click link for number,scam_phishing
mummy bol rahi hai bhai time ho gaya so jao,safe
"kuch accha nahi lag raha pic, har waqt rona aata hai",distress_selfharm
"ur parents don't understand u, send me ur link fast",grooming
"how old r u? u seem mature, send secret privately dont tell mom",grooming
teri insta photo sabko bhej ke mzaak udayenge class me,cyberbullying
watch free 18+ adult movies HD online school,inappropriate_content
mummy bol rahi hai photo time ho gaya so jao,safe
download leaked viral video link telegram group,inappropriate_content
"tu kitna noob hai number, real life me loser hai, group se nikalo",cyberbullying
"kuch accha nahi lag raha school, har waqt rona aata hai",distress_selfharm
watch free 18+ adult movies HD online group,inappropriate_content
"ur parents don't understand u, send me ur insta fast",grooming
bhai photo bhej de class notes ki link pe please,safe
Claim 10000 BGMI free click link for pic,scam_phishing
"I feel so empty and tired of game, want to disappear forever",distress_selfharm
Claim 10000 BGMI free click link for group,scam_phishing
"tu kitna noob hai group, real life me loser hai, group se nikalo",cyberbullying
"I feel so empty and tired of pic, want to disappear forever",distress_selfharm
bhai discord pe meet call join kar le,cyberbullying
Congratulations! You won free iPhone enter OTP for bhai,scam_phishing
bhai discord pe group call join kar le,safe
are u alone at home? camera on karke secret call karein?,grooming
"kuch accha nahi lag raha secret, har waqt rona aata hai",distress_selfharm
"tu kitna noob hai insta me, kill kar dunga tera character haha",safe
are u alone at home? camera on karke number call karein?,grooming
"ur parents don't understand u, send me ur group fast",grooming
"meet me near park after pic, don't tell ur parents",grooming
"ur parents don't understand u, send me ur link fast",grooming
bhai discord pe photo call join kar le,safe
teri game photo sabko bhej ke mzaak udayenge class me,cyberbullying
download leaked viral video link telegram link,inappropriate_content
aaj test me photo ka paper hard tha lol,safe
mummy bol rahi hai phone time ho gaya so jao,safe
"I feel so empty and tired of school, want to disappear forever",distress_selfharm
bhai discord pe bhai call join kar le,safe
"terko kal school stop pe dekhenge, pitenge ruk tu group",cyberbullying
teri meet photo sabko bhej ke mzaak udayenge class me,cyberbullying
"I feel so empty and tired of pic, want to disappear forever",safe
Congratulations! You won free iPhone enter OTP for game,scam_phishing
"hey cutie, send insta of u, keep this a secret ok?",grooming
"sone ka mann nahi karta link, bas akele rehne ka mann karta hai",distress_selfharm
"tu kitna noob hai number me, kill kar dunga tera character haha",safe
FREE ROBUX - enter parents credit card details for bhai,scam_phishing
roblox me phone match aaja server pe,safe
"tu kitna noob hai group, real life me loser hai, group se nikalo",cyberbullying
"sabko pata hai tu cheat kar raha tha, koi tere secret me nahi khelega",cyberbullying
"sone ka mann nahi karta school, bas akele rehne ka mann karta hai",distress_selfharm
"kuch accha nahi lag raha number, har waqt rona aata hai",distress_selfharm
"sabko pata hai tu cheat kar raha tha, koi tere number me nahi khelega",safe
are u alone at home? camera on karke pic call karein?,grooming
teri number photo sabko bhej ke mzaak udayenge class me,cyberbullying
Congratulations! You won free iPhone enter OTP for bhai,scam_phishing
kal school me link share karenge,safe
"tu kitna noob hai insta, real life me loser hai, group se nikalo",cyberbullying
bhai photo bhej de class notes ki pic pe please,safe
Claim 10000 BGMI free click link for photo,scam_phishing
"kuch accha nahi lag raha pic, har waqt rona aata hai",distress_selfharm
"meet me near park after alone, don't tell ur parents",grooming
"sone ka mann nahi karta alone, bas akele rehne ka mann karta hai",distress_selfharm
"sabko pata hai tu cheat kar raha tha, koi tere bhai me nahi khelega",cyberbullying
Claim 10000 BGMI free click link for link,scam_phishing
how to bypass parental control pin on android bhai,inappropriate_content
how to bypass parental control pin on android number,safe
"terko kal school stop pe dekhenge, pitenge ruk tu phone",cyberbullying
Congratulations! You won free iPhone enter OTP for insta,scam_phishing
download leaked viral video link telegram school,inappropriate_content
watch free 18+ adult movies HD online school,inappropriate_content
FREE ROBUX - enter parents credit card details for insta,safe
"kuch accha nahi lag raha pic, har waqt rona aata hai",distress_selfharm
Congratulations! You won free iPhone enter OTP for photo,scam_phishing
"I feel so empty and tired of alone, want to disappear forever",distress_selfharm
how to bypass parental control pin on android meet,inappropriate_content
how to bypass parental control pin on android alone,inappropriate_content
"I feel so empty and tired of secret, want to disappear forever",distress_selfharm
"meet me near park after link, don't tell ur parents",grooming
mummy bol rahi hai insta time ho gaya so jao,safe
FREE ROBUX - enter parents credit card details for pic,scam_phishing
"hey cutie, send secret of u, keep this a secret ok?",grooming
bhai photo bhej de class notes ki meet pe please,safe
Congratulations! You won free iPhone enter OTP for pic,scam_phishing
bhai meet bhej de homework ka fast,safe
watch free 18+ adult movies HD online group,inappropriate_content
Congratulations! You won free iPhone enter OTP for insta,scam_phishing
watch free 18+ adult movies HD online pic,inappropriate_content
"kuch accha nahi lag raha game, har waqt rona aata hai",distress_selfharm
Claim 10000 BGMI free click link for number,safe
"hey cutie, send school of u, keep this a secret ok?",grooming
FREE ROBUX - enter parents credit card details for pic,scam_phishing
"terko kal school stop pe dekhenge, pitenge ruk tu group",cyberbullying
phone number bhej de tera whatsapp group me add karne ke liye,safe
"sone ka mann nahi karta phone, bas akele rehne ka mann karta hai",distress_selfharm
download leaked viral video link telegram photo,inappropriate_content
"terko kal school stop pe dekhenge, pitenge ruk tu insta",safe
FREE ROBUX - enter parents credit card details for bhai,scam_phishing
Claim 10000 BGMI free click link for meet,scam_phishing
"kuch accha nahi lag raha phone, har waqt rona aata hai",distress_selfharm
Congratulations! You won free iPhone enter OTP for pic,scam_phishing
"terko kal school stop pe dekhenge, pitenge ruk tu school",cyberbullying
"sabko pata hai tu cheat kar raha tha, koi tere group me nahi khelega",cyberbullying
Claim 10000 BGMI free click link for phone,scam_phishing
"kuch accha nahi lag raha bhai, har waqt rona aata hai",distress_selfharm
"hey cutie, send secret of u, keep this a secret ok?",grooming
"kuch accha nahi lag raha meet, har waqt rona aata hai",distress_selfharm
teri school photo sabko bhej ke mzaak udayenge class me,cyberbullying
"meet me near park after photo, don't tell ur parents",grooming
download leaked viral video link telegram school,inappropriate_content
"sone ka mann nahi karta photo, bas akele rehne ka mann karta hai",distress_selfharm
Congratulations! You won free iPhone enter OTP for insta,scam_phishing
bhai number bhej de homework ka fast,safe
"ur parents don't understand u, send me ur phone fast",grooming
Congratulations! You won free iPhone enter OTP for alone,scam_phishing
"sabko pata hai tu cheat kar raha tha, koi tere game me nahi khelega",cyberbullying
"how old r u? u seem mature, send number privately dont tell mom",grooming
Claim 10000 BGMI free click link for insta,scam_phishing
FREE ROBUX - enter parents credit card details for secret,scam_phishing
Claim 10000 BGMI free click link for alone,scam_phishing
"tu kitna noob hai alone, real life me loser hai, group se nikalo",cyberbullying
watch free 18+ adult movies HD online phone,safe
are u alone at home? camera on karke pic call karein?,grooming
are u alone at home? camera on karke link call karein?,grooming
"kuch accha nahi lag raha alone, har waqt rona aata hai",distress_selfharm
Congratulations! You won free iPhone enter OTP for school,scam_phishing
"I feel so empty and tired of photo, want to disappear forever",distress_selfharm
"how old r u? u seem mature, send number privately dont tell mom",grooming
mummy bol rahi hai pic time ho gaya so jao,safe
"sabko pata hai tu cheat kar raha tha, koi tere phone me nahi khelega",cyberbullying
"kuch accha nahi lag raha bhai, har waqt rona aata hai",distress_selfharm
aaj test me group ka paper hard tha lol,safe
"sone ka mann nahi karta game, bas akele rehne ka mann karta hai",distress_selfharm
FREE ROBUX - enter parents credit card details for alone,scam_phishing
"ur parents don't understand u, send me ur number fast",grooming
"how old r u? u seem mature, send photo privately dont tell mom",grooming
Claim 10000 BGMI free click link for game,scam_phishing
"ur parents don't understand u, send me ur alone fast",grooming
"kuch accha nahi lag raha phone, har waqt rona aata hai",distress_selfharm
bhai discord pe insta call join kar le,safe
"hey cutie, send pic of u, keep this a secret ok?",grooming
Claim 10000 BGMI free click link for pic,scam_phishing
Congratulations! You won free iPhone enter OTP for meet,scam_phishing
are u alone at home? camera on karke link call karein?,grooming
"terko kal school stop pe dekhenge, pitenge ruk tu phone",cyberbullying
"kuch accha nahi lag raha insta, har waqt rona aata hai",distress_selfharm
"kuch accha nahi lag raha bhai, har waqt rona aata hai",distress_selfharm
Claim 10000 BGMI free click link for secret,scam_phishing
Congratulations! You won free iPhone enter OTP for school,scam_phishing
"terko kal school stop pe dekhenge, pitenge ruk tu alone",safe
aaj test me school ka paper hard tha lol,safe
"tu kitna noob hai meet, real life me loser hai, group se nikalo",cyberbullying
"sabko pata hai tu cheat kar raha tha, koi tere link me nahi khelega",cyberbullying
how to bypass parental control pin on android insta,inappropriate_content
"sabko pata hai tu cheat kar raha tha, koi tere insta me nahi khelega",cyberbullying
"I feel so empty and tired of photo, want to disappear forever",distress_selfharm
download leaked viral video link telegram group,inappropriate_content
"tu kitna noob hai phone me, kill kar dunga tera character haha",safe
"sabko pata hai tu cheat kar raha tha, koi tere game me nahi khelega",cyberbullying
"kuch accha nahi lag raha alone, har waqt rona aata hai",distress_selfharm
"tu kitna noob hai alone, real life me loser hai, group se nikalo",cyberbullying
watch free 18+ adult movies HD online photo,inappropriate_content
are u alone at home? camera on karke insta call karein?,grooming
watch free 18+ adult movies HD online secret,inappropriate_content
"how old r u? u seem mature, send phone privately dont tell mom",grooming
"kuch accha nahi lag raha number, har waqt rona aata hai",distress_selfharm
how to bypass parental control pin on android meet,inappropriate_content
"I feel so empty and tired of secret, want to disappear forever",distress_selfharm
Congratulations! You won free iPhone enter OTP for pic,scam_phishing
"I feel so empty and tired of phone, want to disappear forever",distress_selfharm
"tu kitna noob hai bhai, real life me loser hai, group se nikalo",cyberbullying
"hey cutie, send pic of u, keep this a secret ok?",grooming
"tu kitna noob hai meet, real life me loser hai, group se nikalo",cyberbullying
"I feel so empty and tired of link, want to disappear forever",distress_selfharm
Congratulations! You won free iPhone enter OTP for pic,scam_phishing
"terko kal school stop pe dekhenge, pitenge ruk tu number",cyberbullying
kal school me number share karenge,safe
download leaked viral video link telegram secret,inappropriate_content
"ur parents don't understand u, send me ur link fast",grooming
download leaked viral video link telegram game,inappropriate_content
how to bypass parental control pin on android group,inappropriate_content
bhai photo bhej de class notes ki school pe please,cyberbullying
"sabko pata hai tu cheat kar raha tha, koi tere link me nahi khelega",cyberbullying
aaj toh marne ka mann kar raha hai iss test ke baad haha,safe
roblox me number match aaja server pe,safe
"meet me near park after number, don't tell ur parents",grooming
Claim 10000 BGMI free click link for phone,scam_phishing
"kuch accha nahi lag raha group, har waqt rona aata hai",distress_selfharm
are u alone at home? camera on karke game call karein?,grooming
teri school photo sabko bhej ke mzaak udayenge class me,cyberbullying
bhai photo bhej de class notes ki photo pe please,safe
bhai pic bhej de homework ka fast,safe
"terko kal school stop pe dekhenge, pitenge ruk tu insta",cyberbullying
"terko kal school stop pe dekhenge, pitenge ruk tu school",cyberbullying
Congratulations! You won free iPhone enter OTP for photo,scam_phishing
"ur parents don't understand u, send me ur game fast",grooming
Claim 10000 BGMI free click link for photo,scam_phishing
"how old r u? u seem mature, send meet privately dont tell mom",grooming
download leaked viral video link telegram secret,inappropriate_content
"sone ka mann nahi karta group, bas akele rehne ka mann karta hai",distress_selfharm
"I feel so empty and tired of school, want to disappear forever",distress_selfharm
"I feel so empty and tired of school, want to disappear forever",distress_selfharm
Claim 10000 BGMI free click link for insta,scam_phishing
download leaked viral video link telegram bhai,inappropriate_content
bhai discord pe photo call join kar le,safe
"sabko pata hai tu cheat kar raha tha, koi tere meet me nahi khelega",cyberbullying
Congratulations! You won free iPhone enter OTP for bhai,safe
FREE ROBUX - enter parents credit card details for meet,scam_phishing
are u alone at home? camera on karke number call karein?,grooming
"I feel so empty and tired of link, want to disappear forever",distress_selfharm
Congratulations! You won free iPhone enter OTP for number,scam_phishing
bhai discord pe secret call join kar le,safe
download leaked viral video link telegram alone,inappropriate_content
teri bhai photo sabko bhej ke mzaak udayenge class me,cyberbullying
watch free 18+ adult movies HD online game,inappropriate_content
mummy bol rahi hai group time ho gaya so jao,safe
"I feel so empty and tired of insta, want to disappear forever",distress_selfharm
watch free 18+ adult movies HD online meet,inappropriate_content
"sone ka mann nahi karta link, bas akele rehne ka mann karta hai",distress_selfharm
bhai photo bhej de class notes ki number pe please,safe
download leaked viral video link telegram meet,inappropriate_content
"meet me near park after link, don't tell ur parents",grooming
"sone ka mann nahi karta meet, bas akele rehne ka mann karta hai",distress_selfharm
Congratulations! You won free iPhone enter OTP for phone,scam_phishing
are u alone at home? camera on karke game call karein?,grooming
"terko kal school stop pe dekhenge, pitenge ruk tu phone",cyberbullying
"kuch accha nahi lag raha bhai, har waqt rona aata hai",distress_selfharm
phone number bhej de tera whatsapp group me add karne ke liye,safe
"kuch accha nahi lag raha insta, har waqt rona aata hai",safe
"I feel so empty and tired of number, want to disappear forever",distress_selfharm
kal school me bhai share karenge,safe
teri school photo sabko bhej ke mzaak udayenge class me,safe
Congratulations! You won free iPhone enter OTP for meet,scam_phishing
teri number photo sabko bhej ke mzaak udayenge class me,cyberbullying
bhai photo bhej de class notes ki number pe please,safe
"tu kitna noob hai bhai, real life me loser hai, group se nikalo",cyberbullying
are u alone at home? camera on karke link call karein?,grooming
Claim 10000 BGMI free click link for game,scam_phishing
bhai photo bhej de class notes ki meet pe please,safe
"I feel so empty and tired of phone, want to disappear forever",distress_selfharm
"ur parents don't understand u, send me ur meet fast",grooming
aaj toh marne ka mann kar raha hai iss test ke baad haha,safe
"tu kitna noob hai insta, real life me loser hai, group se nikalo",cyberbullying
"meet me near park after alone, don't tell ur parents",grooming
"kuch accha nahi lag raha phone, har waqt rona aata hai",distress_selfharm
aaj test me alone ka paper hard tha lol,safe
mummy bol rahi hai link time ho gaya so jao,safe
"sone ka mann nahi karta number, bas akele rehne ka mann karta hai",distress_selfharm
"hey cutie, send bhai of u, keep this a secret ok?",grooming
"sone ka mann nahi karta number, bas akele rehne ka mann karta hai",distress_selfharm
"how old r u? u seem mature, send link privately dont tell mom",grooming
"hey cutie, send insta of u, keep this a secret ok?",grooming
aaj toh marne ka mann kar raha hai iss test ke baad haha,safe
Congratulations! You won free iPhone enter OTP for game,scam_phishing
FREE ROBUX - enter parents credit card details for group,scam_phishing
"ur parents don't understand u, send me ur photo fast",grooming
"sone ka mann nahi karta meet, bas akele rehne ka mann karta hai",distress_selfharm
download leaked viral video link telegram school,inappropriate_content
"sone ka mann nahi karta alone, bas akele rehne ka mann karta hai",distress_selfharm
download leaked viral video link telegram secret,inappropriate_content
how to bypass parental control pin on android group,inappropriate_content
"kuch accha nahi lag raha bhai, har waqt rona aata hai",distress_selfharm
"sone ka mann nahi karta meet, bas akele rehne ka mann karta hai",distress_selfharm
how to bypass parental control pin on android phone,inappropriate_content
watch free 18+ adult movies HD online pic,inappropriate_content
FREE ROBUX - enter parents credit card details for bhai,scam_phishing
"kuch accha nahi lag raha meet, har waqt rona aata hai",distress_selfharm
"kuch accha nahi lag raha link, har waqt rona aata hai",distress_selfharm
how to bypass parental control pin on android alone,inappropriate_content
"hey cutie, send number of u, keep this a secret ok?",grooming
how to bypass parental control pin on android meet,inappropriate_content
bhai alone bhej de homework ka fast,safe
"kuch accha nahi lag raha number, har waqt rona aata hai",distress_selfharm
download leaked viral video link telegram meet,inappropriate_content
"I feel so empty and tired of number, want to disappear forever",distress_selfharm
roblox me game match aaja server pe,safe
Congratulations! You won free iPhone enter OTP for game,scam_phishing
Congratulations! You won free iPhone enter OTP for game,scam_phishing
phone number bhej de tera whatsapp group me add karne ke liye,safe
Congratulations! You won free iPhone enter OTP for bhai,scam_phishing
are u alone at home? camera on karke pic call karein?,grooming
how to bypass parental control pin on android phone,inappropriate_content
roblox me bhai match aaja server pe,safe
how to bypass parental control pin on android photo,inappropriate_content
Claim 10000 BGMI free click link for meet,scam_phishing
are u alone at home? camera on karke bhai call karein?,grooming
"tu kitna noob hai bhai, real life me loser hai, group se nikalo",cyberbullying
"hey cutie, send bhai of u, keep this a secret ok?",grooming
kal school me phone share karenge,safe
"terko kal school stop pe dekhenge, pitenge ruk tu insta",safe
"I feel so empty and tired of insta, want to disappear forever",distress_selfharm
"hey cutie, send school of u, keep this a secret ok?",grooming
"hey cutie, send school of u, keep this a secret ok?",grooming
"I feel so empty and tired of group, want to disappear forever",distress_selfharm
Congratulations! You won free iPhone enter OTP for photo,scam_phishing
"ur parents don't understand u, send me ur insta fast",grooming
"terko kal school stop pe dekhenge, pitenge ruk tu school",cyberbullying
are u alone at home? camera on karke school call karein?,grooming
"sone ka mann nahi karta school, bas akele rehne ka mann karta hai",distress_selfharm
are u alone at home? camera on karke school call karein?,grooming
FREE ROBUX - enter parents credit card details for photo,scam_phishing
"I feel so empty and tired of insta, want to disappear forever",distress_selfharm
"kuch accha nahi lag raha phone, har waqt rona aata hai",safe
bhai discord pe group call join kar le,cyberbullying
"meet me near park after secret, don't tell ur parents",grooming
"kuch accha nahi lag raha insta, har waqt rona aata hai",distress_selfharm
"hey cutie, send secret of u, keep this a secret ok?",grooming
bhai discord pe phone call join kar le,safe
"hey cutie, send school of u, keep this a secret ok?",grooming
"tu kitna noob hai game, real life me loser hai, group se nikalo",cyberbullying
"how old r u? u seem mature, send photo privately dont tell mom",grooming
Congratulations! You won free iPhone enter OTP for link,scam_phishing
"ur parents don't understand u, send me ur pic fast",grooming
Congratulations! You won free iPhone enter OTP for phone,scam_phishing
how to bypass parental control pin on android pic,inappropriate_content
kal school me bhai share karenge,safe
watch free 18+ adult movies HD online insta,inappropriate_content
"I feel so empty and tired of phone, want to disappear forever",distress_selfharm
"I feel so empty and tired of number, want to disappear forever",distress_selfharm
how to bypass parental control pin on android group,inappropriate_content
"kuch accha nahi lag raha group, har waqt rona aata hai",distress_selfharm
watch free 18+ adult movies HD online meet,inappropriate_content
download leaked viral video link telegram pic,inappropriate_content
teri game photo sabko bhej ke mzaak udayenge class me,cyberbullying
"hey cutie, send phone of u, keep this a secret ok?",grooming
"I feel so empty and tired of alone, want to disappear forever",distress_selfharm
"hey cutie, send number of u, keep this a secret ok?",grooming
Claim 10000 BGMI free click link for pic,scam_phishing
"tu kitna noob hai number me, kill kar dunga tera character haha",safe
"I feel so empty and tired of secret, want to disappear forever",distress_selfharm
Congratulations! You won free iPhone enter OTP for secret,scam_phishing
teri insta photo sabko bhej ke mzaak udayenge class me,cyberbullying
teri link photo sabko bhej ke mzaak udayenge class me,cyberbullying
Claim 10000 BGMI free click link for insta,scam_phishing
aaj toh marne ka mann kar raha hai iss test ke baad haha,safe
"ur parents don't understand u, send me ur link fast",grooming
bhai discord pe insta call join kar le,safe
"sone ka mann nahi karta bhai, bas akele rehne ka mann karta hai",distress_selfharm
Claim 10000 BGMI free click link for number,scam_phishing
FREE ROBUX - enter parents credit card details for link,scam_phishing
how to bypass parental control pin on android group,inappropriate_content
bhai link bhej de homework ka fast,safe
how to bypass parental control pin on android pic,inappropriate_content
aaj toh marne ka mann kar raha hai iss test ke baad haha,safe
FREE ROBUX - enter parents credit card details for link,scam_phishing
"sone ka mann nahi karta bhai, bas akele rehne ka mann karta hai",distress_selfharm
"ur parents don't understand u, send me ur secret fast",grooming
Claim 10000 BGMI free click link for number,scam_phishing
Congratulations! You won free iPhone enter OTP for link,safe
"hey cutie, send phone of u, keep this a secret ok?",grooming
"terko kal school stop pe dekhenge, pitenge ruk tu link",cyberbullying
"terko kal school stop pe dekhenge, pitenge ruk tu photo",cyberbullying
bhai photo bhej de class notes ki game pe please,safe
watch free 18+ adult movies HD online link,safe
aaj test me insta ka paper hard tha lol,safe
"ur parents don't understand u, send me ur phone fast",grooming
"kuch accha nahi lag raha group, har waqt rona aata hai",distress_selfharm
"sone ka mann nahi karta photo, bas akele rehne ka mann karta hai",safe
"hey cutie, send photo of u, keep this a secret ok?",grooming
"tu kitna noob hai photo, real life me loser hai, group se nikalo",cyberbullying
"tu kitna noob hai game me, kill kar dunga tera character haha",safe
teri meet photo sabko bhej ke mzaak udayenge class me,cyberbullying
"how old r u? u seem mature, send alone privately dont tell mom",grooming
"kuch accha nahi lag raha secret, har waqt rona aata hai",distress_selfharm
"tu kitna noob hai pic, real life me loser hai, group se nikalo",cyberbullying
Claim 10000 BGMI free click link for photo,scam_phishing
Congratulations! You won free iPhone enter OTP for alone,safe
"tu kitna noob hai game, real life me loser hai, group se nikalo",cyberbullying
Congratulations! You won free iPhone enter OTP for group,scam_phishing
kal school me phone share karenge,safe
teri phone photo sabko bhej ke mzaak udayenge class me,cyberbullying
how to bypass parental control pin on android pic,inappropriate_content
Claim 10000 BGMI free click link for pic,scam_phishing
download leaked viral video link telegram group,inappropriate_content
"meet me near park after number, don't tell ur parents",grooming
watch free 18+ adult movies HD online phone,inappropriate_content
"hey cutie, send number of u, keep this a secret ok?",grooming
FREE ROBUX - enter parents credit card details for link,scam_phishing
Congratulations! You won free iPhone enter OTP for pic,scam_phishing
"terko kal school stop pe dekhenge, pitenge ruk tu alone",cyberbullying
download leaked viral video link telegram alone,inappropriate_content
kal school me phone share karenge,safe
watch free 18+ adult movies HD online phone,inappropriate_content
"I feel so empty and tired of secret, want to disappear forever",distress_selfharm
teri secret photo sabko bhej ke mzaak udayenge class me,cyberbullying
"tu kitna noob hai link, real life me loser hai, group se nikalo",cyberbullying
teri secret photo sabko bhej ke mzaak udayenge class me,cyberbullying
Claim 10000 BGMI free click link for photo,scam_phishing
roblox me game match aaja server pe,safe
"sabko pata hai tu cheat kar raha tha, koi tere game me nahi khelega",cyberbullying
bhai photo bhej de class notes ki pic pe please,safe
"sone ka mann nahi karta link, bas akele rehne ka mann karta hai",distress_selfharm
how to bypass parental control pin on android school,inappropriate_content
aaj test me secret ka paper hard tha lol,safe
Congratulations! You won free iPhone enter OTP for pic,scam_phishing
Claim 10000 BGMI free click link for secret,scam_phishing
"kuch accha nahi lag raha group, har waqt rona aata hai",distress_selfharm
watch free 18+ adult movies HD online insta,inappropriate_content
"sone ka mann nahi karta pic, bas akele rehne ka mann karta hai",distress_selfharm
"sabko pata hai tu cheat kar raha tha, koi tere number me nahi khelega",cyberbullying
Claim 10000 BGMI free click link for insta,scam_phishing
"sone ka mann nahi karta number, bas akele rehne ka mann karta hai",distress_selfharm
mummy bol rahi hai phone time ho gaya so jao,safe
"I feel so empty and tired of pic, want to disappear forever",distress_selfharm
download leaked viral video link telegram school,inappropriate_content
Congratulations! You won free iPhone enter OTP for game,scam_phishing
"hey cutie, send pic of u, keep this a secret ok?",grooming
Congratulations! You won free iPhone enter OTP for school,scam_phishing
FREE ROBUX - enter parents credit card details for insta,scam_phishing
watch free 18+ adult movies HD online school,inappropriate_content
"kuch accha nahi lag raha alone, har waqt rona aata hai",distress_selfharm
"sone ka mann nahi karta bhai, bas akele rehne ka mann karta hai",distress_selfharm
mummy bol rahi hai secret time ho gaya so jao,safe
bhai photo bhej de class notes ki alone pe please,safe
"sone ka mann nahi karta bhai, bas akele rehne ka mann karta hai",distress_selfharm
download leaked viral video link telegram school,inappropriate_content
"ur parents don't understand u, send me ur phone fast",grooming
are u alone at home? camera on karke bhai call karein?,grooming
teri phone photo sabko bhej ke mzaak udayenge class me,safe
Congratulations! You won free iPhone enter OTP for meet,scam_phishing
kal school me bhai share karenge,safe
Congratulations! You won free iPhone enter OTP for group,scam_phishing
"tu kitna noob hai insta me, kill kar dunga tera character haha",safe
"sone ka mann nahi karta link, bas akele rehne ka mann karta hai",distress_selfharm
phone number bhej de tera whatsapp group me add karne ke liye,safe
"meet me near park after game, don't tell ur parents",grooming
bhai photo bhej de class notes ki secret pe please,safe
roblox me pic match aaja server pe,safe
"kuch accha nahi lag raha link, har waqt rona aata hai",distress_selfharm
"kuch accha nahi lag raha meet, har waqt rona aata hai",distress_selfharm
"ur parents don't understand u, send me ur alone fast",safe
bhai discord pe phone call join kar le,cyberbullying
are u alone at home? camera on karke photo call karein?,grooming
"tu kitna noob hai phone me, kill kar dunga tera character haha",safe
bhai meet bhej de homework ka fast,safe
"sabko pata hai tu cheat kar raha tha, koi tere number me nahi khelega",cyberbullying
"kuch accha nahi lag raha insta, har waqt rona aata hai",distress_selfharm
"kuch accha nahi lag raha pic, har waqt rona aata hai",distress_selfharm
teri link photo sabko bhej ke mzaak udayenge class me,cyberbullying
aaj test me game ka paper hard tha lol,safe
bhai photo bhej de class notes ki photo pe please,safe
"terko kal school stop pe dekhenge, pitenge ruk tu group",cyberbullying
aaj test me game ka paper hard tha lol,safe
"tu kitna noob hai phone, real life me loser hai, group se nikalo",cyberbullying
how to bypass parental control pin on android bhai,inappropriate_content
how to bypass parental control pin on android phone,inappropriate_content
aaj test me meet ka paper hard tha lol,safe
Claim 10000 BGMI free click link for link,scam_phishing
"I feel so empty and tired of group, want to disappear forever",distress_selfharm
"I feel so empty and tired of bhai, want to disappear forever",distress_selfharm
download leaked viral video link telegram alone,inappropriate_content
"tu kitna noob hai secret, real life me loser hai, group se nikalo",cyberbullying
"ur parents don't understand u, send me ur pic fast",grooming
kal school me phone share karenge,safe
"sabko pata hai tu cheat kar raha tha, koi tere link me nahi khelega",cyberbullying
"meet me near park after school, don't tell ur parents",grooming
"terko kal school stop pe dekhenge, pitenge ruk tu phone",cyberbullying
"sone ka mann nahi karta number, bas akele rehne ka mann karta hai",distress_selfharm
"sone ka mann nahi karta pic, bas akele rehne ka mann karta hai",distress_selfharm
teri meet photo sabko bhej ke mzaak udayenge class me,cyberbullying
phone number bhej de tera whatsapp group me add karne ke liye,safe
"sone ka mann nahi karta phone, bas akele rehne ka mann karta hai",distress_selfharm
"tu kitna noob hai alone, real life me loser hai, group se nikalo",cyberbullying
Congratulations! You won free iPhone enter OTP for game,scam_phishing
bhai discord pe secret call join kar le,safe
"kuch accha nahi lag raha secret, har waqt rona aata hai",distress_selfharm
"I feel so empty and tired of group, want to disappear forever",distress_selfharm
"tu kitna noob hai insta, real life me loser hai, group se nikalo",cyberbullying
bhai photo bhej de homework ka fast,safe
are u alone at home? camera on karke secret call karein?,grooming
teri insta photo sabko bhej ke mzaak udayenge class me,cyberbullying
kal school me link share karenge,safe
"how old r u? u seem mature, send school privately dont tell mom",safe
"kuch accha nahi lag raha pic, har waqt rona aata hai",distress_selfharm
"hey cutie, send pic of u, keep this a secret ok?",grooming
"I feel so empty and tired of school, want to disappear forever",distress_selfharm
"I feel so empty and tired of pic, want to disappear forever",distress_selfharm
"meet me near park after meet, don't tell ur parents",grooming
Claim 10000 BGMI free click link for number,scam_phishing
"I feel so empty and tired of bhai, want to disappear forever",distress_selfharm
"I feel so empty and tired of school, want to disappear forever",distress_selfharm
kal school me meet share karenge,safe
"tu kitna noob hai insta, real life me loser hai, group se nikalo",cyberbullying
watch free 18+ adult movies HD online pic,inappropriate_content
how to bypass parental control pin on android phone,inappropriate_content
download leaked viral video link telegram photo,inappropriate_content
kal school me number share karenge,safe
Congratulations! You won free iPhone enter OTP for school,scam_phishing
"sone ka mann nahi karta bhai, bas akele rehne ka mann karta hai",distress_selfharm
"sabko pata hai tu cheat kar raha tha, koi tere game me nahi khelega",safe
"terko kal school stop pe dekhenge, pitenge ruk tu alone",cyberbullying
"terko kal school stop pe dekhenge, pitenge ruk tu meet",cyberbullying
"terko kal school stop pe dekhenge, pitenge ruk tu link",cyberbullying
how to bypass parental control pin on android alone,inappropriate_content
watch free 18+ adult movies HD online secret,inappropriate_content
"sabko pata hai tu cheat kar raha tha, koi tere number me nahi khelega",cyberbullying
"I feel so empty and tired of number, want to disappear forever",safe
Congratulations! You won free iPhone enter OTP for bhai,scam_phishing
mummy bol rahi hai alone time ho gaya so jao,safe
FREE ROBUX - enter parents credit card details for bhai,scam_phishing
"how old r u? u seem mature, send link privately dont tell mom",safe
"sone ka mann nahi karta group, bas akele rehne ka mann karta hai",distress_selfharm
Congratulations! You won free iPhone enter OTP for alone,safe
bhai insta bhej de homework ka fast,safe
download leaked viral video link telegram phone,inappropriate_content
bhai phone bhej de homework ka fast,safe
FREE ROBUX - enter parents credit card details for game,scam_phishing
aaj test me number ka paper hard tha lol,safe
"terko kal school stop pe dekhenge, pitenge ruk tu group",cyberbullying
"how old r u? u seem mature, send alone privately dont tell mom",grooming
FREE ROBUX - enter parents credit card details for group,scam_phishing
bhai photo bhej de class notes ki photo pe please,safe
FREE ROBUX - enter parents credit card details for game,scam_phishing
"kuch accha nahi lag raha photo, har waqt rona aata hai",distress_selfharm
"sone ka mann nahi karta alone, bas akele rehne ka mann karta hai",distress_selfharm
"sone ka mann nahi karta school, bas akele rehne ka mann karta hai",distress_selfharm
Congratulations! You won free iPhone enter OTP for link,scam_phishing
"terko kal school stop pe dekhenge, pitenge ruk tu insta",cyberbullying
watch free 18+ adult movies HD online insta,inappropriate_content
download leaked viral video link telegram secret,inappropriate_content
"I feel so empty and tired of insta, want to disappear forever",distress_selfharm
"sone ka mann nahi karta bhai, bas akele rehne ka mann karta hai",distress_selfharm
download leaked viral video link telegram bhai,inappropriate_content
aaj test me group ka paper hard tha lol,safe
"tu kitna noob hai game, real life me loser hai, group se nikalo",cyberbullying
"kuch accha nahi lag raha link, har waqt rona aata hai",distress_selfharm
"how old r u? u seem mature, send secret privately dont tell mom",grooming
"how old r u? u seem mature, send pic privately dont tell mom",grooming
download leaked viral video link telegram secret,inappropriate_content
Congratulations! You won free iPhone enter OTP for photo,scam_phishing
"kuch accha nahi lag raha link, har waqt rona aata hai",distress_selfharm
Claim 10000 BGMI free click link for link,scam_phishing
"sabko pata hai tu cheat kar raha tha, koi tere number me nahi khelega",cyberbullying
mummy bol rahi hai group time ho gaya so jao,safe
how to bypass parental control pin on android group,inappropriate_content
FREE ROBUX - enter parents credit card details for school,scam_phishing
kal school me number share karenge,safe
aaj toh marne ka mann kar raha hai iss test ke baad haha,safe
download leaked viral video link telegram alone,inappropriate_content
"sabko pata hai tu cheat kar raha tha, koi tere alone me nahi khelega",cyberbullying
"terko kal school stop pe dekhenge, pitenge ruk tu meet",cyberbullying
phone number bhej de tera whatsapp group me add karne ke liye,safe
"terko kal school stop pe dekhenge, pitenge ruk tu secret",cyberbullying
"tu kitna noob hai group me, kill kar dunga tera character haha",safe
"sabko pata hai tu cheat kar raha tha, koi tere link me nahi khelega",safe
"kuch accha nahi lag raha secret, har waqt rona aata hai",distress_selfharm
"tu kitna noob hai alone, real life me loser hai, group se nikalo",safe
roblox me insta match aaja server pe,safe
Claim 10000 BGMI free click link for group,scam_phishing
"ur parents don't understand u, send me ur alone fast",grooming
"how old r u? u seem mature, send meet privately dont tell mom",grooming
"tu kitna noob hai group me, kill kar dunga tera character haha",safe
did u see the new link on youtube?,safe
download leaked viral video link telegram photo,inappropriate_content
"tu kitna noob hai secret me, kill kar dunga tera character haha",safe
bhai photo bhej de class notes ki group pe please,cyberbullying
"meet me near park after insta, don't tell ur parents",grooming
kal school me photo share karenge,cyberbullying
bhai insta bhej de homework ka fast,safe
"ur parents don't understand u, send me ur bhai fast",grooming
"kuch accha nahi lag raha photo, har waqt rona aata hai",distress_selfharm
watch free 18+ adult movies HD online photo,inappropriate_content
teri school photo sabko bhej ke mzaak udayenge class me,cyberbullying
"ur parents don't understand u, send me ur link fast",grooming
"sone ka mann nahi karta alone, bas akele rehne ka mann karta hai",distress_selfharm
FREE ROBUX - enter parents credit card details for phone,scam_phishing
watch free 18+ adult movies HD online secret,inappropriate_content
bhai photo bhej de class notes ki school pe please,safe
"tu kitna noob hai bhai, real life me loser hai, group se nikalo",cyberbullying
"tu kitna noob hai number me, kill kar dunga tera character haha",safe
teri meet photo sabko bhej ke mzaak udayenge class me,cyberbullying
"I feel so empty and tired of pic, want to disappear forever",distress_selfharm
watch free 18+ adult movies HD online pic,inappropriate_content
Congratulations! You won free iPhone enter OTP for insta,safe
"tu kitna noob hai pic, real life me loser hai, group se nikalo",cyberbullying
watch free 18+ adult movies HD online insta,inappropriate_content
"terko kal school stop pe dekhenge, pitenge ruk tu meet",cyberbullying
Claim 10000 BGMI free click link for meet,scam_phishing
how to bypass parental control pin on android meet,inappropriate_content
Claim 10000 BGMI free click link for phone,scam_phishing
"hey cutie, send phone of u, keep this a secret ok?",grooming
download leaked viral video link telegram alone,inappropriate_content
aaj toh marne ka mann kar raha hai iss test ke baad haha,safe
"sone ka mann nahi karta meet, bas akele rehne ka mann karta hai",distress_selfharm
bhai game bhej de homework ka fast,safe
"terko kal school stop pe dekhenge, pitenge ruk tu pic",cyberbullying
Claim 10000 BGMI free click link for pic,scam_phishing
download leaked viral video link telegram phone,inappropriate_content
bhai photo bhej de class notes ki insta pe please,safe
FREE ROBUX - enter parents credit card details for photo,scam_phishing
roblox me game match aaja server pe,safe
FREE ROBUX - enter parents credit card details for photo,scam_phishing
Claim 10000 BGMI free click link for insta,scam_phishing
Claim 10000 BGMI free click link for bhai,scam_phishing
how to bypass parental control pin on android alone,inappropriate_content
are u alone at home? camera on karke pic call karein?,grooming
Congratulations! You won free iPhone enter OTP for photo,safe
"sone ka mann nahi karta meet, bas akele rehne ka mann karta hai",distress_selfharm
phone number bhej de tera whatsapp group me add karne ke liye,safe
mummy bol rahi hai photo time ho gaya so jao,safe
aaj toh marne ka mann kar raha hai iss test ke baad haha,safe
bhai discord pe game call join kar le,safe
Claim 10000 BGMI free click link for school,scam_phishing
aaj toh marne ka mann kar raha hai iss test ke baad haha,safe
"tu kitna noob hai bhai, real life me loser hai, group se nikalo",cyberbullying
aaj toh marne ka mann kar raha hai iss test ke baad haha,safe
Congratulations! You won free iPhone enter OTP for school,scam_phishing
"kuch accha nahi lag raha game, har waqt rona aata hai",distress_selfharm
download leaked viral video link telegram school,inappropriate_content
how to bypass parental control pin on android game,inappropriate_content
FREE ROBUX - enter parents credit card details for insta,scam_phishing
aaj toh marne ka mann kar raha hai iss test ke baad haha,safe
bhai discord pe secret call join kar le,safe
"ur parents don't understand u, send me ur secret fast",grooming
"sabko pata hai tu cheat kar raha tha, koi tere secret me nahi khelega",cyberbullying
bhai school bhej de homework ka fast,safe
roblox me number match aaja server pe,safe
FREE ROBUX - enter parents credit card details for bhai,scam_phishing
watch free 18+ adult movies HD online secret,inappropriate_content
"sabko pata hai tu cheat kar raha tha, koi tere game me nahi khelega",cyberbullying
"terko kal school stop pe dekhenge, pitenge ruk tu secret",cyberbullying
"how old r u? u seem mature, send number privately dont tell mom",safe
"I feel so empty and tired of insta, want to disappear forever",distress_selfharm
"how old r u? u seem mature, send group privately dont tell mom",grooming
watch free 18+ adult movies HD online meet,inappropriate_content
phone number bhej de tera whatsapp group me add karne ke liye,safe
mummy bol rahi hai photo time ho gaya so jao,safe
FREE ROBUX - enter parents credit card details for alone,scam_phishing
"terko kal school stop pe dekhenge, pitenge ruk tu meet",cyberbullying
"kuch accha nahi lag raha game, har waqt rona aata hai",distress_selfharm
"meet me near park after secret, don't tell ur parents",grooming
Congratulations! You won free iPhone enter OTP for insta,scam_phishing
"I feel so empty and tired of school, want to disappear forever",distress_selfharm
bhai photo bhej de class notes ki number pe please,safe
"kuch accha nahi lag raha phone, har waqt rona aata hai",distress_selfharm
"how old r u? u seem mature, send alone privately dont tell mom",grooming
teri game photo sabko bhej ke mzaak udayenge class me,cyberbullying
"sone ka mann nahi karta meet, bas akele rehne ka mann karta hai",distress_selfharm
"kuch accha nahi lag raha school, har waqt rona aata hai",distress_selfharm
phone number bhej de tera whatsapp group me add karne ke liye,safe
"sabko pata hai tu cheat kar raha tha, koi tere pic me nahi khelega",cyberbullying
mummy bol rahi hai insta time ho gaya so jao,safe
teri number photo sabko bhej ke mzaak udayenge class me,cyberbullying
"kuch accha nahi lag raha group, har waqt rona aata hai",distress_selfharm
"kuch accha nahi lag raha school, har waqt rona aata hai",distress_selfharm
Congratulations! You won free iPhone enter OTP for school,scam_phishing
"how old r u? u seem mature, send school privately dont tell mom",safe
FREE ROBUX - enter parents credit card details for insta,scam_phishing
download leaked viral video link telegram phone,inappropriate_content
download leaked viral video link telegram insta,inappropriate_content
download leaked viral video link telegram school,inappropriate_content
"terko kal school stop pe dekhenge, pitenge ruk tu bhai",cyberbullying
"ur parents don't understand u, send me ur bhai fast",grooming
roblox me group match aaja server pe,safe
bhai photo bhej de homework ka fast,safe
download leaked viral video link telegram insta,inappropriate_content
bhai photo bhej de class notes ki pic pe please,safe
Claim 10000 BGMI free click link for meet,scam_phishing
"kuch accha nahi lag raha school, har waqt rona aata hai",distress_selfharm
mummy bol rahi hai game time ho gaya so jao,safe
teri link photo sabko bhej ke mzaak udayenge class me,cyberbullying
teri insta photo sabko bhej ke mzaak udayenge class me,cyberbullying
kal school me photo share karenge,safe
how to bypass parental control pin on android pic,inappropriate_content
Claim 10000 BGMI free click link for secret,scam_phishing
download leaked viral video link telegram secret,inappropriate_content
phone number bhej de tera whatsapp group me add karne ke liye,safe
watch free 18+ adult movies HD online meet,inappropriate_content
did u see the new phone on youtube?,safe
how to bypass parental control pin on android bhai,inappropriate_content
watch free 18+ adult movies HD online game,safe
"sabko pata hai tu cheat kar raha tha, koi tere photo me nahi khelega",cyberbullying
FREE ROBUX - enter parents credit card details for meet,scam_phishing
"sabko pata hai tu cheat kar raha tha, koi tere photo me nahi khelega",cyberbullying
"sone ka mann nahi karta game, bas akele rehne ka mann karta hai",distress_selfharm
download leaked viral video link telegram pic,inappropriate_content
aaj toh marne ka mann kar raha hai iss test ke baad haha,safe
"I feel so empty and tired of game, want to disappear forever",distress_selfharm
"ur parents don't understand u, send me ur photo fast",grooming
"how old r u? u seem mature, send secret privately dont tell mom",grooming
"sone ka mann nahi karta group, bas akele rehne ka mann karta hai",distress_selfharm
bhai link bhej de homework ka fast,safe
Congratulations! You won free iPhone enter OTP for bhai,scam_phishing
"kuch accha nahi lag raha bhai, har waqt rona aata hai",distress_selfharm
teri link photo sabko bhej ke mzaak udayenge class me,cyberbullying
"sone ka mann nahi karta link, bas akele rehne ka mann karta hai",distress_selfharm
download leaked viral video link telegram pic,inappropriate_content
"how old r u? u seem mature, send bhai privately dont tell mom",grooming
FREE ROBUX - enter parents credit card details for photo,safe
"tu kitna noob hai bhai, real life me loser hai, group se nikalo",cyberbullying
download leaked viral video link telegram meet,inappropriate_content
watch free 18+ adult movies HD online link,inappropriate_content
teri alone photo sabko bhej ke mzaak udayenge class me,cyberbullying
"meet me near park after number, don't tell ur parents",grooming
"sabko pata hai tu cheat kar raha tha, koi tere secret me nahi khelega",cyberbullying
bhai game bhej de homework ka fast,safe
download leaked viral video link telegram pic,inappropriate_content
"sone ka mann nahi karta photo, bas akele rehne ka mann karta hai",safe
aaj toh marne ka mann kar raha hai iss test ke baad haha,safe
"sone ka mann nahi karta insta, bas akele rehne ka mann karta hai",distress_selfharm
download leaked viral video link telegram group,inappropriate_content
teri meet photo sabko bhej ke mzaak udayenge class me,cyberbullying
"I feel so empty and tired of photo, want to disappear forever",distress_selfharm
"how old r u? u seem mature, send bhai privately dont tell mom",grooming
Congratulations! You won free iPhone enter OTP for secret,scam_phishing
roblox me pic match aaja server pe,safe
Claim 10000 BGMI free click link for school,scam_phishing
"meet me near park after school, don't tell ur parents",grooming
"sone ka mann nahi karta photo, bas akele rehne ka mann karta hai",distress_selfharm
Claim 10000 BGMI free click link for meet,safe
bhai insta bhej de homework ka fast,safe
phone number bhej de tera whatsapp group me add karne ke liye,cyberbullying
are u alone at home? camera on karke number call karein?,grooming
kal school me alone share karenge,safe
"I feel so empty and tired of bhai, want to disappear forever",distress_selfharm
"hey cutie, send insta of u, keep this a secret ok?",grooming
download leaked viral video link telegram link,inappropriate_content
watch free 18+ adult movies HD online secret,inappropriate_content
Congratulations! You won free iPhone enter OTP for photo,scam_phishing
Congratulations! You won free iPhone enter OTP for meet,scam_phishing
how to bypass parental control pin on android number,inappropriate_content
"I feel so empty and tired of number, want to disappear forever",distress_selfharm
"tu kitna noob hai pic me, kill kar dunga tera character haha",safe
teri group photo sabko bhej ke mzaak udayenge class me,cyberbullying
"terko kal school stop pe dekhenge, pitenge ruk tu game",cyberbullying
kal school me game share karenge,safe
"ur parents don't understand u, send me ur link fast",grooming
"I feel so empty and tired of link, want to disappear forever",distress_selfharm
bhai secret bhej de homework ka fast,cyberbullying
"sone ka mann nahi karta meet, bas akele rehne ka mann karta hai",distress_selfharm
how to bypass parental control pin on android school,inappropriate_content
Congratulations! You won free iPhone enter OTP for insta,scam_phishing
are u alone at home? camera on karke bhai call karein?,grooming
"hey cutie, send bhai of u, keep this a secret ok?",grooming
"tu kitna noob hai school, real life me loser hai, group se nikalo",cyberbullying
"kuch accha nahi lag raha group, har waqt rona aata hai",distress_selfharm
teri insta photo sabko bhej ke mzaak udayenge class me,cyberbullying
"I feel so empty and tired of insta, want to disappear forever",distress_selfharm
Congratulations! You won free iPhone enter OTP for link,scam_phishing
"ur parents don't understand u, send me ur photo fast",grooming
"ur parents don't understand u, send me ur link fast",safe
"sabko pata hai tu cheat kar raha tha, koi tere alone me nahi khelega",cyberbullying
"tu kitna noob hai link, real life me loser hai, group se nikalo",cyberbullying
bhai bhai bhej de homework ka fast,safe
"how old r u? u seem mature, send photo privately dont tell mom",grooming
"terko kal school stop pe dekhenge, pitenge ruk tu number",cyberbullying
"terko kal school stop pe dekhenge, pitenge ruk tu game",cyberbullying
Congratulations! You won free iPhone enter OTP for insta,scam_phishing
Congratulations! You won free iPhone enter OTP for game,scam_phishing
"terko kal school stop pe dekhenge, pitenge ruk tu photo",cyberbullying
watch free 18+ adult movies HD online photo,inappropriate_content
"kuch accha nahi lag raha phone, har waqt rona aata hai",distress_selfharm
"I feel so empty and tired of group, want to disappear forever",distress_selfharm
FREE ROBUX - enter parents credit card details for school,scam_phishing
"meet me near park after secret, don't tell ur parents",grooming
"ur parents don't understand u, send me ur game fast",grooming
aaj test me group ka paper hard tha lol,safe
"terko kal school stop pe dekhenge, pitenge ruk tu game",cyberbullying
FREE ROBUX - enter parents credit card details for school,scam_phishing
watch free 18+ adult movies HD online insta,inappropriate_content
did u see the new photo on youtube?,safe
"meet me near park after photo, don't tell ur parents",grooming
teri bhai photo sabko bhej ke mzaak udayenge class me,cyberbullying
"terko kal school stop pe dekhenge, pitenge ruk tu game",cyberbullying
Congratulations! You won free iPhone enter OTP for phone,scam_phishing
are u alone at home? camera on karke secret call karein?,grooming
"how old r u? u seem mature, send insta privately dont tell mom",grooming
teri bhai photo sabko bhej ke mzaak udayenge class me,cyberbullying
teri game photo sabko bhej ke mzaak udayenge class me,cyberbullying
download leaked viral video link telegram pic,inappropriate_content
watch free 18+ adult movies HD online game,inappropriate_content
Claim 10000 BGMI free click link for group,scam_phishing
Claim 10000 BGMI free click link for meet,scam_phishing
"I feel so empty and tired of link, want to disappear forever",distress_selfharm
watch free 18+ adult movies HD online alone,inappropriate_content
FREE ROBUX - enter parents credit card details for number,scam_phishing
Congratulations! You won free iPhone enter OTP for group,scam_phishing
watch free 18+ adult movies HD online group,safe
watch free 18+ adult movies HD online phone,inappropriate_content
FREE ROBUX - enter parents credit card details for bhai,scam_phishing
Congratulations! You won free iPhone enter OTP for meet,scam_phishing
Congratulations! You won free iPhone enter OTP for game,scam_phishing
"kuch accha nahi lag raha number, har waqt rona aata hai",distress_selfharm
FREE ROBUX - enter parents credit card details for alone,scam_phishing
"sone ka mann nahi karta alone, bas akele rehne ka mann karta hai",distress_selfharm
Congratulations! You won free iPhone enter OTP for photo,scam_phishing
download leaked viral video link telegram bhai,inappropriate_content
watch free 18+ adult movies HD online secret,inappropriate_content
Congratulations! You won free iPhone enter OTP for alone,scam_phishing
are u alone at home? camera on karke number call karein?,grooming
kal school me meet share karenge,safe
"how old r u? u seem mature, send game privately dont tell mom",grooming
"ur parents don't understand u, send me ur link fast",grooming
"sone ka mann nahi karta meet, bas akele rehne ka mann karta hai",distress_selfharm
"sabko pata hai tu cheat kar raha tha, koi tere secret me nahi khelega",cyberbullying
how to bypass parental control pin on android secret,inappropriate_content
"sone ka mann nahi karta number, bas akele rehne ka mann karta hai",distress_selfharm
phone number bhej de tera whatsapp group me add karne ke liye,safe
roblox me photo match aaja server pe,safe
"how old r u? u seem mature, send photo privately dont tell mom",grooming
are u alone at home? camera on karke school call karein?,grooming
"hey cutie, send phone of u, keep this a secret ok?",grooming
"meet me near park after insta, don't tell ur parents",grooming
Congratulations! You won free iPhone enter OTP for group,scam_phishing
"I feel so empty and tired of number, want to disappear forever",distress_selfharm
Congratulations! You won free iPhone enter OTP for link,scam_phishing
Claim 10000 BGMI free click link for group,scam_phishing
teri link photo sabko bhej ke mzaak udayenge class me,cyberbullying
watch free 18+ adult movies HD online group,inappropriate_content
aaj toh marne ka mann kar raha hai iss test ke baad haha,safe
aaj test me school ka paper hard tha lol,safe
"meet me near park after phone, don't tell ur parents",grooming
Claim 10000 BGMI free click link for game,scam_phishing
"how old r u? u seem mature, send number privately dont tell mom",grooming
"meet me near park after number, don't tell ur parents",grooming
download leaked viral video link telegram pic,inappropriate_content
"tu kitna noob hai bhai, real life me loser hai, group se nikalo",cyberbullying
"I feel so empty and tired of link, want to disappear forever",distress_selfharm
how to bypass parental control pin on android bhai,safe
watch free 18+ adult movies HD online number,inappropriate_content
watch free 18+ adult movies HD online secret,inappropriate_content
"sone ka mann nahi karta alone, bas akele rehne ka mann karta hai",distress_selfharm
"terko kal school stop pe dekhenge, pitenge ruk tu secret",cyberbullying
aaj test me phone ka paper hard tha lol,safe
Congratulations! You won free iPhone enter OTP for link,scam_phishing
"ur parents don't understand u, send me ur phone fast",grooming
kal school me secret share karenge,safe
Congratulations! You won free iPhone enter OTP for phone,scam_phishing
"sabko pata hai tu cheat kar raha tha, koi tere alone me nahi khelega",cyberbullying
did u see the new bhai on youtube?,safe
bhai photo bhej de class notes ki number pe please,safe
FREE ROBUX - enter parents credit card details for group,safe
are u alone at home? camera on karke alone call karein?,safe
"I feel so empty and tired of link, want to disappear forever",distress_selfharm
download leaked viral video link telegram secret,inappropriate_content
watch free 18+ adult movies HD online photo,inappropriate_content
"how old r u? u seem mature, send photo privately dont tell mom",grooming
"hey cutie, send game of u, keep this a secret ok?",grooming
FREE ROBUX - enter parents credit card details for link,scam_phishing
"I feel so empty and tired of link, want to disappear forever",distress_selfharm
Congratulations! You won free iPhone enter OTP for insta,scam_phishing
"sabko pata hai tu cheat kar raha tha, koi tere phone me nahi khelega",cyberbullying
"kuch accha nahi lag raha meet, har waqt rona aata hai",distress_selfharm
"tu kitna noob hai bhai, real life me loser hai, group se nikalo",cyberbullying
"kuch accha nahi lag raha link, har waqt rona aata hai",distress_selfharm
Claim 10000 BGMI free click link for group,scam_phishing
Congratulations! You won free iPhone enter OTP for pic,scam_phishing
"sone ka mann nahi karta number, bas akele rehne ka mann karta hai",safe
kal school me phone share karenge,safe
watch free 18+ adult movies HD online photo,inappropriate_content
are u alone at home? camera on karke phone call karein?,grooming
bhai photo bhej de class notes ki phone pe please,safe
FREE ROBUX - enter parents credit card details for link,scam_phishing
FREE ROBUX - enter parents credit card details for group,scam_phishing
"sone ka mann nahi karta secret, bas akele rehne ka mann karta hai",distress_selfharm
"sabko pata hai tu cheat kar raha tha, koi tere meet me nahi khelega",cyberbullying
"ur parents don't understand u, send me ur group fast",grooming
Congratulations! You won free iPhone enter OTP for number,scam_phishing
bhai discord pe meet call join kar le,safe
how to bypass parental control pin on android link,inappropriate_content
"kuch accha nahi lag raha number, har waqt rona aata hai",safe
"ur parents don't understand u, send me ur number fast",safe
Claim 10000 BGMI free click link for school,scam_phishing
Claim 10000 BGMI free click link for secret,scam_phishing
"I feel so empty and tired of alone, want to disappear forever",distress_selfharm
"ur parents don't understand u, send me ur pic fast",grooming
"tu kitna noob hai group, real life me loser hai, group se nikalo",safe
"meet me near park after pic, don't tell ur parents",grooming
are u alone at home? camera on karke game call karein?,grooming
are u alone at home? camera on karke bhai call karein?,grooming
"tu kitna noob hai alone, real life me loser hai, group se nikalo",cyberbullying
teri group photo sabko bhej ke mzaak udayenge class me,cyberbullying
"tu kitna noob hai alone, real life me loser hai, group se nikalo",cyberbullying
"tu kitna noob hai number me, kill kar dunga tera character haha",safe
teri secret photo sabko bhej ke mzaak udayenge class me,cyberbullying
download leaked viral video link telegram alone,inappropriate_content
"how old r u? u seem mature, send alone privately dont tell mom",grooming
"how old r u? u seem mature, send meet privately dont tell mom",grooming
how to bypass parental control pin on android photo,inappropriate_content
"I feel so empty and tired of phone, want to disappear forever",distress_selfharm
download leaked viral video link telegram group,inappropriate_content
are u alone at home? camera on karke game call karein?,grooming
Congratulations! You won free iPhone enter OTP for secret,scam_phishing
"how old r u? u seem mature, send group privately dont tell mom",grooming
"sone ka mann nahi karta secret, bas akele rehne ka mann karta hai",distress_selfharm
aaj test me insta ka paper hard tha lol,safe
are u alone at home? camera on karke alone call karein?,grooming
"tu kitna noob hai number, real life me loser hai, group se nikalo",cyberbullying
"hey cutie, send photo of u, keep this a secret ok?",grooming
"ur parents don't understand u, send me ur link fast",grooming
FREE ROBUX - enter parents credit card details for alone,scam_phishing
Claim 10000 BGMI free click link for bhai,scam_phishing
Congratulations! You won free iPhone enter OTP for alone,scam_phishing
"meet me near park after alone, don't tell ur parents",grooming
are u alone at home? camera on karke group call karein?,grooming
"ur parents don't understand u, send me ur group fast",grooming
"sone ka mann nahi karta number, bas akele rehne ka mann karta hai",distress_selfharm
"kuch accha nahi lag raha link, har waqt rona aata hai",distress_selfharm
download leaked viral video link telegram insta,inappropriate_content
"how old r u? u seem mature, send secret privately dont tell mom",grooming
bhai school bhej de homework ka fast,safe
how to bypass parental control pin on android pic,inappropriate_content
watch free 18+ adult movies HD online pic,inappropriate_content
"how old r u? u seem mature, send phone privately dont tell mom",grooming
Congratulations! You won free iPhone enter OTP for alone,scam_phishing
FREE ROBUX - enter parents credit card details for game,scam_phishing
teri meet photo sabko bhej ke mzaak udayenge class me,cyberbullying
"sabko pata hai tu cheat kar raha tha, koi tere phone me nahi khelega",cyberbullying
watch free 18+ adult movies HD online phone,inappropriate_content
"terko kal school stop pe dekhenge, pitenge ruk tu pic",cyberbullying
did u see the new meet on youtube?,safe
aaj test me meet ka paper hard tha lol,safe
Congratulations! You won free iPhone enter OTP for game,scam_phishing
teri secret photo sabko bhej ke mzaak udayenge class me,cyberbullying
did u see the new meet on youtube?,safe
download leaked viral video link telegram number,inappropriate_content
bhai discord pe bhai call join kar le,safe
are u alone at home? camera on karke alone call karein?,grooming
how to bypass parental control pin on android number,inappropriate_content
"I feel so empty and tired of alone, want to disappear forever",distress_selfharm
Claim 10000 BGMI free click link for pic,scam_phishing
"kuch accha nahi lag raha pic, har waqt rona aata hai",distress_selfharm
"tu kitna noob hai photo, real life me loser hai, group se nikalo",cyberbullying
mummy bol rahi hai school time ho gaya so jao,safe
Claim 10000 BGMI free click link for photo,scam_phishing
"kuch accha nahi lag raha pic, har waqt rona aata hai",distress_selfharm
are u alone at home? camera on karke number call karein?,grooming
"how old r u? u seem mature, send bhai privately dont tell mom",grooming
mummy bol rahi hai photo time ho gaya so jao,safe
aaj toh marne ka mann kar raha hai iss test ke baad haha,safe
Claim 10000 BGMI free click link for number,scam_phishing
"I feel so empty and tired of pic, want to disappear forever",distress_selfharm
FREE ROBUX - enter parents credit card details for school,scam_phishing
"I feel so empty and tired of bhai, want to disappear forever",distress_selfharm
did u see the new link on youtube?,safe
how to bypass parental control pin on android game,inappropriate_content
Claim 10000 BGMI free click link for photo,scam_phishing
"terko kal school stop pe dekhenge, pitenge ruk tu secret",cyberbullying
download leaked viral video link telegram group,safe
how to bypass parental control pin on android bhai,inappropriate_content
download leaked viral video link telegram secret,inappropriate_content
are u alone at home? camera on karke secret call karein?,grooming
Congratulations! You won free iPhone enter OTP for insta,scam_phishing
are u alone at home? camera on karke number call karein?,grooming
"sone ka mann nahi karta meet, bas akele rehne ka mann karta hai",distress_selfharm
teri alone photo sabko bhej ke mzaak udayenge class me,cyberbullying
roblox me secret match aaja server pe,safe
"meet me near park after insta, don't tell ur parents",grooming
teri school photo sabko bhej ke mzaak udayenge class me,safe
"sone ka mann nahi karta group, bas akele rehne ka mann karta hai",distress_selfharm
Congratulations! You won free iPhone enter OTP for phone,scam_phishing
